date,ward,day_of_week,is_weekend,month,fill_level,capacity_kg,previous_day_kg,avg_3_day_kg,avg_7_day_kg,waste_generated_kg
2025-01-01,Ward 12,2,0,1,65.72,120.0,77.9,82.0,82.0,72.01
2025-01-02,Ward 12,3,0,1,64.76,120.0,72.01,72.01,72.01,84.39
2025-01-03,Ward 12,4,0,1,57.96,120.0,84.39,78.2,78.2,81.55
2025-01-04,Ward 12,5,1,1,66.81,120.0,81.55,79.32,79.32,93.88
2025-01-05,Ward 12,6,1,1,72.77,120.0,93.88,86.61,82.96,92.4
2025-01-06,Ward 12,0,0,1,76.45,120.0,92.4,89.28,84.85,94.57
2025-01-07,Ward 12,1,0,1,73.56,120.0,94.57,93.62,86.47,91.49
2025-01-08,Ward 12,2,0,1,73.89,120.0,91.49,92.82,87.18,80.81
2025-01-09,Ward 12,3,0,1,67.62,120.0,80.81,88.96,88.44,80.08
2025-01-10,Ward 12,4,0,1,69.77,120.0,80.08,84.13,87.83,91.62
2025-01-11,Ward 12,5,1,1,70.7,120.0,91.62,84.17,89.26,98.37
2025-01-12,Ward 12,6,1,1,81.4,120.0,98.37,90.02,89.91,101.44
2025-01-13,Ward 12,0,0,1,74.81,120.0,101.44,97.14,91.2,92.9
2025-01-14,Ward 12,1,0,1,74.98,120.0,92.9,97.57,90.96,88.37
2025-01-15,Ward 12,2,0,1,71.93,120.0,88.37,94.24,90.51,88.91
2025-01-16,Ward 12,3,0,1,80.87,120.0,88.91,90.06,91.67,89.49
2025-01-17,Ward 12,4,0,1,67.91,120.0,89.49,88.92,93.01,92.06
2025-01-18,Ward 12,5,1,1,74.95,120.0,92.06,90.15,93.08,111.63
2025-01-19,Ward 12,6,1,1,81.9,120.0,111.63,97.73,94.97,103.95
2025-01-20,Ward 12,0,0,1,74.18,120.0,103.95,102.55,95.33,101.5
2025-01-21,Ward 12,1,0,1,80.7,120.0,101.5,105.69,96.56,95.13
2025-01-22,Ward 12,2,0,1,70.2,120.0,95.13,100.19,97.52,92.08
2025-01-23,Ward 12,3,0,1,72.46,120.0,92.08,96.24,97.98,95.43
2025-01-24,Ward 12,4,0,1,78.05,120.0,95.43,94.21,98.83,103.59
2025-01-25,Ward 12,5,1,1,81.51,120.0,103.59,97.03,100.47,112.33
2025-01-26,Ward 12,6,1,1,84.29,120.0,112.33,103.78,100.57,115.28
2025-01-27,Ward 12,0,0,1,77.16,120.0,115.28,110.4,102.19,102.15
2025-01-28,Ward 12,1,0,1,74.98,120.0,102.15,109.92,102.28,89.54
2025-01-29,Ward 12,2,0,1,69.13,120.0,89.54,102.32,101.49,99.26
2025-01-30,Ward 12,3,0,1,71.44,120.0,99.26,96.98,102.51,104.09
2025-01-31,Ward 12,4,0,1,69.97,120.0,104.09,97.63,103.75,104.12
2025-02-01,Ward 12,5,1,2,79.21,120.0,104.12,102.49,103.82,116.93
2025-02-02,Ward 12,6,1,2,88.89,120.0,116.93,108.38,104.48,120.06
2025-02-03,Ward 12,0,0,2,85.29,120.0,120.06,113.7,105.16,105.44
2025-02-04,Ward 12,1,0,2,83.4,120.0,105.44,114.14,105.63,95.93
2025-02-05,Ward 12,2,0,2,67.58,120.0,95.93,107.14,106.55,87.33
2025-02-06,Ward 12,3,0,2,64.71,120.0,87.33,96.23,104.84,97.65
2025-02-07,Ward 12,4,0,2,75.61,120.0,97.65,93.64,103.92,109.73
2025-02-08,Ward 12,5,1,2,79.3,120.0,109.73,98.24,104.72,117.47
2025-02-09,Ward 12,6,1,2,88.76,120.0,117.47,108.28,104.8,114.65
2025-02-10,Ward 12,0,0,2,86.39,120.0,114.65,113.95,104.03,103.28
2025-02-11,Ward 12,1,0,2,76.13,120.0,103.28,111.8,103.72,93.84
2025-02-12,Ward 12,2,0,2,66.85,120.0,93.84,103.92,103.42,96.72
2025-02-13,Ward 12,3,0,2,72.04,120.0,96.72,97.95,104.76,99.83
2025-02-14,Ward 12,4,0,2,78.48,120.0,99.83,96.8,105.07,110.47
2025-02-15,Ward 12,5,1,2,85.16,120.0,110.47,102.34,105.18,117.86
2025-02-16,Ward 12,6,1,2,83.72,120.0,117.86,109.39,105.24,116.52
2025-02-17,Ward 12,0,0,2,76.68,120.0,116.52,114.95,105.5,99.16
2025-02-18,Ward 12,1,0,2,69.1,120.0,99.16,111.18,104.91,88.91
2025-02-19,Ward 12,2,0,2,72.16,120.0,88.91,101.53,104.21,88.25
2025-02-20,Ward 12,3,0,2,67.91,120.0,88.25,92.11,103.0,104.67
2025-02-21,Ward 12,4,0,2,76.91,120.0,104.67,93.94,103.69,114.34
2025-02-22,Ward 12,5,1,2,79.27,120.0,114.34,102.42,104.24,118.54
2025-02-23,Ward 12,6,1,2,81.46,120.0,118.54,112.52,104.34,115.59
2025-02-24,Ward 12,0,0,2,88.81,120.0,115.59,116.16,104.21,99.2
2025-02-25,Ward 12,1,0,2,77.91,120.0,99.2,111.11,104.21,98.04
2025-02-26,Ward 12,2,0,2,72.13,120.0,98.04,104.28,105.52,89.14
2025-02-27,Ward 12,3,0,2,70.64,120.0,89.14,95.46,105.65,95.46
2025-02-28,Ward 12,4,0,2,74.87,120.0,95.46,94.21,104.33,107.38
2025-03-01,Ward 12,5,1,3,88.17,120.0,107.38,97.33,103.34,117.53
2025-03-02,Ward 12,6,1,3,80.54,120.0,117.53,106.79,103.19,118.74
2025-03-03,Ward 12,0,0,3,87.42,120.0,118.74,114.55,103.64,119.23
2025-03-04,Ward 12,1,0,3,90.76,120.0,119.23,118.5,106.5,108.3
2025-03-05,Ward 12,2,0,3,87.98,120.0,108.3,115.42,107.97,97.17
2025-03-06,Ward 12,3,0,3,71.43,120.0,97.17,108.23,109.12,97.11
2025-03-07,Ward 12,4,0,3,72.65,120.0,97.11,100.86,109.35,100.65
2025-03-08,Ward 12,5,1,3,79.69,120.0,100.65,98.31,108.39,115.59
2025-03-09,Ward 12,6,1,3,77.26,120.0,115.59,104.45,108.11,111.79
2025-03-10,Ward 12,0,0,3,84.12,120.0,111.79,109.34,107.12,114.33
2025-03-11,Ward 12,1,0,3,93.91,120.0,114.33,113.9,106.42,122.81
2025-03-12,Ward 12,2,0,3,90.59,120.0,122.81,116.31,108.49,104.33
2025-03-13,Ward 12,3,0,3,67.85,120.0,104.33,113.82,109.52,106.89
2025-03-14,Ward 12,4,0,3,75.83,120.0,106.89,111.34,110.91,110.91
2025-03-15,Ward 12,5,1,3,79.02,120.0,110.91,107.38,112.38,120.62
2025-03-16,Ward 12,6,1,3,92.67,120.0,120.62,112.81,113.1,123.61
2025-03-17,Ward 12,0,0,3,88.16,120.0,123.61,118.38,114.79,109.26
2025-03-18,Ward 12,1,0,3,72.81,120.0,109.26,117.83,114.06,99.63
2025-03-19,Ward 12,2,0,3,75.7,120.0,99.63,110.83,110.75,111.67
2025-03-20,Ward 12,3,0,3,83.14,120.0,111.67,106.85,111.8,116.27
2025-03-21,Ward 12,4,0,3,82.48,120.0,116.27,109.19,113.14,111.03
2025-03-22,Ward 12,5,1,3,77.32,120.0,111.03,112.99,113.16,117.37
2025-03-23,Ward 12,6,1,3,96.22,120.0,117.37,114.89,112.69,117.25
2025-03-24,Ward 12,0,0,3,89.7,120.0,117.25,115.22,111.78,107.83
2025-03-25,Ward 12,1,0,3,85.07,120.0,107.83,114.15,111.58,105.69
2025-03-26,Ward 12,2,0,3,78.47,120.0,105.69,110.26,112.44,103.75
2025-03-27,Ward 12,3,0,3,74.92,120.0,103.75,105.76,111.31,109.42
2025-03-28,Ward 12,4,0,3,78.99,120.0,109.42,106.29,110.33,107.73
2025-03-29,Ward 12,5,1,3,73.96,120.0,107.73,106.97,109.86,120.87
2025-03-30,Ward 12,6,1,3,95.37,120.0,120.87,112.67,110.36,124.05
2025-03-31,Ward 12,0,0,3,88.6,120.0,124.05,117.55,111.33,117.26
2025-04-01,Ward 12,1,0,4,92.05,120.0,117.26,120.73,112.68,109.1
2025-04-02,Ward 12,2,0,4,79.04,120.0,109.1,116.8,113.17,112.08
2025-04-03,Ward 12,3,0,4,84.85,120.0,112.08,112.81,114.36,120.58
2025-04-04,Ward 12,4,0,4,88.23,120.0,120.58,113.92,115.95,113.63
2025-04-05,Ward 12,5,1,4,76.71,120.0,113.63,115.43,116.8,133.19
2025-04-06,Ward 12,6,1,4,99.0,120.0,133.19,122.47,118.56,127.98
2025-04-07,Ward 12,0,0,4,89.41,120.0,127.98,124.93,119.12,126.92
2025-04-08,Ward 12,1,0,4,85.21,120.0,126.92,129.36,120.5,106.1
2025-04-09,Ward 12,2,0,4,82.69,120.0,106.1,120.33,120.07,103.43
2025-04-10,Ward 12,3,0,4,78.0,120.0,103.43,112.15,118.83,107.12
2025-04-11,Ward 12,4,0,4,81.71,120.0,107.12,105.55,116.91,123.97
2025-04-12,Ward 12,5,1,4,89.6,120.0,123.97,111.51,118.39,132.42
2025-04-13,Ward 12,6,1,4,83.48,120.0,132.42,121.17,118.28,126.44
2025-04-14,Ward 12,0,0,4,86.27,120.0,126.44,127.61,118.06,109.6
2025-04-15,Ward 12,1,0,4,76.98,120.0,109.6,122.82,115.58,101.49
2025-04-16,Ward 12,2,0,4,81.55,120.0,101.49,112.51,114.92,95.11
2025-04-17,Ward 12,3,0,4,73.67,120.0,95.11,102.07,113.74,100.76
2025-04-18,Ward 12,4,0,4,74.94,120.0,100.76,99.12,112.83,117.63
2025-04-19,Ward 12,5,1,4,88.41,120.0,117.63,104.5,111.92,132.98
2025-04-20,Ward 12,6,1,4,93.26,120.0,132.98,117.12,112.0,122.7
2025-04-21,Ward 12,0,0,4,87.34,120.0,122.7,124.44,111.47,115.88
2025-04-22,Ward 12,1,0,4,85.65,120.0,115.88,123.85,112.36,99.41
2025-04-23,Ward 12,2,0,4,76.3,120.0,99.41,112.66,112.07,102.3
2025-04-24,Ward 12,3,0,4,90.0,120.0,102.3,105.86,113.09,118.94
2025-04-25,Ward 12,4,0,4,82.16,120.0,118.94,106.88,115.69,117.16
2025-04-26,Ward 12,5,1,4,78.14,120.0,117.16,112.8,115.62,120.16
2025-04-27,Ward 12,6,1,4,88.66,120.0,120.16,118.75,113.79,128.91
2025-04-28,Ward 12,0,0,4,88.18,120.0,128.91,122.08,114.68,112.81
2025-04-29,Ward 12,1,0,4,72.37,120.0,112.81,120.63,114.24,102.09
2025-04-30,Ward 12,2,0,4,71.99,120.0,102.09,114.6,114.62,98.07
2025-05-01,Ward 12,3,0,5,70.74,120.0,98.07,104.32,114.02,102.95
2025-05-02,Ward 12,4,0,5,68.98,120.0,102.95,101.04,111.74,101.78
2025-05-03,Ward 12,5,1,5,87.78,120.0,101.78,100.93,109.54,110.29
2025-05-04,Ward 12,6,1,5,76.26,120.0,110.29,105.01,108.13,126.34
2025-05-05,Ward 12,0,0,5,99.0,120.0,126.34,112.8,107.76,108.49
2025-05-06,Ward 12,1,0,5,78.92,120.0,108.49,115.04,107.14,102.72
2025-05-07,Ward 12,2,0,5,86.28,120.0,102.72,112.52,107.23,95.53
2025-05-08,Ward 12,3,0,5,72.52,120.0,95.53,102.25,106.87,105.8
2025-05-09,Ward 12,4,0,5,81.48,120.0,105.8,101.35,107.28,109.51
2025-05-10,Ward 12,5,1,5,80.65,120.0,109.51,103.61,108.38,110.78
2025-05-11,Ward 12,6,1,5,80.81,120.0,110.78,108.7,108.45,113.8
2025-05-12,Ward 12,0,0,5,84.8,120.0,113.8,111.36,106.66,105.22
2025-05-13,Ward 12,1,0,5,81.35,120.0,105.22,109.93,106.19,105.03
2025-05-14,Ward 12,2,0,5,79.67,120.0,105.03,108.02,106.52,102.74
2025-05-15,Ward 12,3,0,5,77.92,120.0,102.74,104.33,107.55,103.65
2025-05-16,Ward 12,4,0,5,74.54,120.0,103.65,103.81,107.25,111.3
2025-05-17,Ward 12,5,1,5,81.8,120.0,111.3,105.9,107.5,131.43
2025-05-18,Ward 12,6,1,5,99.0,120.0,131.43,115.46,110.45,126.62
2025-05-19,Ward 12,0,0,5,86.77,120.0,126.62,123.12,112.28,106.63
2025-05-20,Ward 12,1,0,5,85.71,120.0,106.63,121.56,112.49,101.66
2025-05-21,Ward 12,2,0,5,79.47,120.0,101.66,111.64,112.0,88.93
2025-05-22,Ward 12,3,0,5,74.81,120.0,88.93,99.07,110.03,100.69
2025-05-23,Ward 12,4,0,5,70.99,120.0,100.69,97.09,109.61,104.59
2025-05-24,Ward 12,5,1,5,79.97,120.0,104.59,98.07,108.65,115.9
2025-05-25,Ward 12,6,1,5,83.32,120.0,115.9,107.06,106.43,114.86
2025-05-26,Ward 12,0,0,5,82.96,120.0,114.86,111.78,104.75,107.6
2025-05-27,Ward 12,1,0,5,87.64,120.0,107.6,112.79,104.89,83.19
2025-05-28,Ward 12,2,0,5,65.88,120.0,83.19,101.88,102.25,89.96
2025-05-29,Ward 12,3,0,5,72.21,120.0,89.96,93.58,102.4,93.68
2025-05-30,Ward 12,4,0,5,63.96,120.0,93.68,88.94,101.4,103.89
2025-05-31,Ward 12,5,1,5,86.91,120.0,103.89,95.84,101.3,104.89
2025-06-01,Ward 12,6,1,6,83.13,120.0,104.89,100.82,99.72,107.64
2025-06-02,Ward 12,0,0,6,80.0,120.0,107.64,105.47,98.69,95.57
2025-06-03,Ward 12,1,0,6,72.09,120.0,95.57,102.7,96.97,98.11
2025-06-04,Ward 12,2,0,6,78.06,120.0,98.11,100.44,99.11,104.48
2025-06-05,Ward 12,3,0,6,84.48,120.0,104.48,99.39,101.18,103.88
2025-06-06,Ward 12,4,0,6,86.99,120.0,103.88,102.16,102.64,110.03
2025-06-07,Ward 12,5,1,6,85.74,120.0,110.03,106.13,103.51,113.6
2025-06-08,Ward 12,6,1,6,83.87,120.0,113.6,109.17,104.76,108.25
2025-06-09,Ward 12,0,0,6,85.58,120.0,108.25,110.63,104.85,95.55
2025-06-10,Ward 12,1,0,6,77.67,120.0,95.55,105.8,104.84,89.92
2025-06-11,Ward 12,2,0,6,76.56,120.0,89.92,97.91,103.67,95.13
2025-06-12,Ward 12,3,0,6,82.63,120.0,95.13,93.53,102.34,101.2
2025-06-13,Ward 12,4,0,6,68.96,120.0,101.2,95.42,101.95,102.68
2025-06-14,Ward 12,5,1,6,71.76,120.0,102.68,99.67,100.9,106.51
2025-06-15,Ward 12,6,1,6,87.25,120.0,106.51,103.46,99.89,112.32
2025-06-16,Ward 12,0,0,6,79.35,120.0,112.32,107.17,100.47,95.42
2025-06-17,Ward 12,1,0,6,73.85,120.0,95.42,104.75,100.45,81.46
2025-06-18,Ward 12,2,0,6,62.77,120.0,81.46,96.4,99.25,86.07
2025-06-19,Ward 12,3,0,6,74.4,120.0,86.07,87.65,97.95,94.5
2025-06-20,Ward 12,4,0,6,61.73,120.0,94.5,87.34,96.99,99.79
2025-06-21,Ward 12,5,1,6,76.41,120.0,99.79,93.45,96.58,109.83
2025-06-22,Ward 12,6,1,6,89.57,120.0,109.83,101.37,97.06,95.97
2025-06-23,Ward 12,0,0,6,71.03,120.0,95.97,101.86,94.72,96.29
2025-06-24,Ward 12,1,0,6,66.25,120.0,96.29,100.7,94.84,94.99
2025-06-25,Ward 12,2,0,6,75.29,120.0,94.99,95.75,96.78,93.97
2025-06-26,Ward 12,3,0,6,70.05,120.0,93.97,95.08,97.91,96.78
2025-06-27,Ward 12,4,0,6,79.76,120.0,96.78,95.25,98.23,101.32
2025-06-28,Ward 12,5,1,6,78.05,120.0,101.32,97.36,98.45,108.79
2025-06-29,Ward 12,6,1,6,76.61,120.0,108.79,102.3,98.3,104.53
2025-06-30,Ward 12,0,0,6,77.86,120.0,104.53,104.88,99.52,98.39
2025-07-01,Ward 12,1,0,7,80.29,120.0,98.39,103.9,99.82,81.75
2025-07-02,Ward 12,2,0,7,65.66,120.0,81.75,94.89,97.93,90.96
2025-07-03,Ward 12,3,0,7,67.55,120.0,90.96,90.37,97.5,84.35
2025-07-04,Ward 12,4,0,7,68.7,120.0,84.35,85.69,95.73,97.73
2025-07-05,Ward 12,5,1,7,74.99,120.0,97.73,91.01,95.21,111.83
2025-07-06,Ward 12,6,1,7,86.86,120.0,111.83,97.97,95.65,111.16
2025-07-07,Ward 12,0,0,7,84.98,120.0,111.16,106.91,96.6,111.59
2025-07-08,Ward 12,1,0,7,81.42,120.0,111.59,111.53,98.48,79.43
2025-07-09,Ward 12,2,0,7,73.05,120.0,79.43,100.73,98.15,78.23
2025-07-10,Ward 12,3,0,7,64.91,120.0,78.23,89.75,96.33,90.99
2025-07-11,Ward 12,4,0,7,63.27,120.0,90.99,82.88,97.28,85.86
2025-07-12,Ward 12,5,1,7,60.5,120.0,85.86,85.03,95.58,92.06
2025-07-13,Ward 12,6,1,7,74.06,120.0,92.06,89.64,92.76,99.17
2025-07-14,Ward 12,0,0,7,77.1,120.0,99.17,92.36,91.05,81.98
2025-07-15,Ward 12,1,0,7,54.86,120.0,81.98,91.07,86.82,75.29
2025-07-16,Ward 12,2,0,7,60.42,120.0,75.29,85.48,86.23,77.79
2025-07-17,Ward 12,3,0,7,67.65,120.0,77.79,78.35,86.16,81.43
2025-07-18,Ward 12,4,0,7,69.91,120.0,81.43,78.17,84.8,89.15
2025-07-19,Ward 12,5,1,7,72.94,120.0,89.15,82.79,85.27,92.52
2025-07-20,Ward 12,6,1,7,71.22,120.0,92.52,87.7,85.33,94.74
2025-07-21,Ward 12,0,0,7,77.42,120.0,94.74,92.14,84.7,84.46
2025-07-22,Ward 12,1,0,7,70.36,120.0,84.46,90.57,85.05,74.67
2025-07-23,Ward 12,2,0,7,61.86,120.0,74.67,84.62,84.97,78.62
2025-07-24,Ward 12,3,0,7,54.62,120.0,78.62,79.25,85.08,70.24
2025-07-25,Ward 12,4,0,7,52.64,120.0,70.24,74.51,83.49,66.44
2025-07-26,Ward 12,5,1,7,54.6,120.0,66.44,71.77,80.24,89.2
2025-07-27,Ward 12,6,1,7,68.89,120.0,89.2,75.29,79.77,91.35
2025-07-28,Ward 12,0,0,7,76.93,120.0,91.35,82.33,79.28,91.61
2025-07-29,Ward 12,1,0,7,71.28,120.0,91.61,90.72,80.3,85.18
2025-07-30,Ward 12,2,0,7,68.6,120.0,85.18,89.38,81.81,71.53
2025-07-31,Ward 12,3,0,7,57.77,120.0,71.53,82.77,80.79,65.29
2025-08-01,Ward 12,4,0,8,52.92,120.0,65.29,74.0,80.09,75.0
2025-08-02,Ward 12,5,1,8,66.64,120.0,75.0,70.61,81.31,98.56
2025-08-03,Ward 12,6,1,8,68.48,120.0,98.56,79.62,82.65,95.11
2025-08-04,Ward 12,0,0,8,68.32,120.0,95.11,89.56,83.18,86.3
2025-08-05,Ward 12,1,0,8,68.09,120.0,86.3,93.32,82.42,63.1
2025-08-06,Ward 12,2,0,8,60.82,120.0,63.1,81.5,79.27,62.85
2025-08-07,Ward 12,3,0,8,53.37,120.0,62.85,70.75,78.03,62.75
2025-08-08,Ward 12,4,0,8,52.72,120.0,62.75,62.9,77.67,77.43
2025-08-09,Ward 12,5,1,8,63.0,120.0,77.43,67.68,78.01,89.12
2025-08-10,Ward 12,6,1,8,72.08,120.0,89.12,76.43,76.67,95.91
2025-08-11,Ward 12,0,0,8,72.24,120.0,95.91,87.49,76.78,73.41
2025-08-12,Ward 12,1,0,8,67.1,120.0,73.41,86.15,74.94,65.38
2025-08-13,Ward 12,2,0,8,62.99,120.0,65.38,78.23,75.26,68.28
2025-08-14,Ward 12,3,0,8,58.33,120.0,68.28,69.02,76.04,72.52
2025-08-15,Ward 12,4,0,8,71.04,120.0,72.52,68.73,77.44,91.98
2025-08-16,Ward 12,5,1,8,72.17,120.0,91.98,77.59,79.51,93.61
2025-08-17,Ward 12,6,1,8,78.09,120.0,93.61,86.04,80.16,84.83
2025-08-18,Ward 12,0,0,8,69.61,120.0,84.83,90.14,78.57,77.3
2025-08-19,Ward 12,1,0,8,65.44,120.0,77.3,85.25,79.13,63.28
2025-08-20,Ward 12,2,0,8,48.33,120.0,63.28,75.14,78.83,50.72
2025-08-21,Ward 12,3,0,8,43.89,120.0,50.72,63.77,76.32,58.99
2025-08-22,Ward 12,4,0,8,52.49,120.0,58.99,57.66,74.39,82.89
2025-08-23,Ward 12,5,1,8,72.43,120.0,82.89,64.2,73.09,81.94
2025-08-24,Ward 12,6,1,8,68.12,120.0,81.94,74.61,71.42,80.07
2025-08-25,Ward 12,0,0,8,63.95,120.0,80.07,81.63,70.74,74.26
2025-08-26,Ward 12,1,0,8,65.32,120.0,74.26,78.76,70.31,63.08
2025-08-27,Ward 12,2,0,8,61.49,120.0,63.08,72.47,70.28,55.78
2025-08-28,Ward 12,3,0,8,52.25,120.0,55.78,64.37,71.0,78.57
2025-08-29,Ward 12,4,0,8,65.67,120.0,78.57,65.81,73.8,87.49
2025-08-30,Ward 12,5,1,8,69.85,120.0,87.49,73.95,74.46,92.0
2025-08-31,Ward 12,6,1,8,71.55,120.0,92.0,86.02,75.89,85.4
2025-01-01,Ward 18,2,0,1,57.62,150.0,91.2,96.0,96.0,93.95
2025-01-02,Ward 18,3,0,1,58.45,150.0,93.95,93.95,93.95,100.31
2025-01-03,Ward 18,4,0,1,70.89,150.0,100.31,97.13,97.13,109.26
2025-01-04,Ward 18,5,1,1,67.91,150.0,109.26,101.17,101.17,119.24
2025-01-05,Ward 18,6,1,1,72.13,150.0,119.24,109.6,105.69,123.11
2025-01-06,Ward 18,0,0,1,66.19,150.0,123.11,117.2,109.17,108.64
2025-01-07,Ward 18,1,0,1,59.12,150.0,108.64,117.0,109.08,89.72
2025-01-08,Ward 18,2,0,1,67.7,150.0,89.72,107.16,106.32,100.48
2025-01-09,Ward 18,3,0,1,61.94,150.0,100.48,99.61,107.25,93.31
2025-01-10,Ward 18,4,0,1,47.61,150.0,93.31,94.5,106.25,100.42
2025-01-11,Ward 18,5,1,1,77.62,150.0,100.42,98.07,104.99,119.26
2025-01-12,Ward 18,6,1,1,70.88,150.0,119.26,104.33,104.99,121.19
2025-01-13,Ward 18,0,0,1,66.71,150.0,121.19,113.62,104.72,108.8
2025-01-14,Ward 18,1,0,1,69.64,150.0,108.8,116.42,104.74,100.34
2025-01-15,Ward 18,2,0,1,69.43,150.0,100.34,110.11,106.26,102.33
2025-01-16,Ward 18,3,0,1,69.68,150.0,102.33,103.82,106.52,101.07
2025-01-17,Ward 18,4,0,1,70.29,150.0,101.07,101.25,107.63,120.96
2025-01-18,Ward 18,5,1,1,69.57,150.0,120.96,108.12,110.56,119.31
2025-01-19,Ward 18,6,1,1,80.38,150.0,119.31,113.78,110.57,120.7
2025-01-20,Ward 18,0,0,1,81.32,150.0,120.7,120.32,110.5,111.98
2025-01-21,Ward 18,1,0,1,77.8,150.0,111.98,117.33,110.96,106.07
2025-01-22,Ward 18,2,0,1,69.25,150.0,106.07,112.92,111.77,113.6
2025-01-23,Ward 18,3,0,1,69.42,150.0,113.6,110.55,113.38,105.63
2025-01-24,Ward 18,4,0,1,65.53,150.0,105.63,108.43,114.04,116.88
2025-01-25,Ward 18,5,1,1,64.82,150.0,116.88,112.04,113.45,127.89
2025-01-26,Ward 18,6,1,1,74.73,150.0,127.89,116.8,114.68,132.63
2025-01-27,Ward 18,0,0,1,67.5,150.0,132.63,125.8,116.38,114.01
2025-01-28,Ward 18,1,0,1,62.97,150.0,114.01,124.84,116.67,100.78
2025-01-29,Ward 18,2,0,1,66.91,150.0,100.78,115.81,115.92,102.66
2025-01-30,Ward 18,3,0,1,65.22,150.0,102.66,105.82,114.35,107.1
2025-01-31,Ward 18,4,0,1,69.43,150.0,107.1,103.51,114.56,110.37
2025-02-01,Ward 18,5,1,2,73.36,150.0,110.37,106.71,113.63,128.14
2025-02-02,Ward 18,6,1,2,79.45,150.0,128.14,115.2,113.67,130.79
2025-02-03,Ward 18,0,0,2,80.16,150.0,130.79,123.1,113.41,132.8
2025-02-04,Ward 18,1,0,2,79.11,150.0,132.8,130.58,116.09,113.84
2025-02-05,Ward 18,2,0,2,67.56,150.0,113.84,125.81,117.96,103.55
2025-02-06,Ward 18,3,0,2,60.65,150.0,103.55,116.73,118.08,103.93
2025-02-07,Ward 18,4,0,2,66.68,150.0,103.93,107.11,117.63,118.38
2025-02-08,Ward 18,5,1,2,73.55,150.0,118.38,108.62,118.78,124.17
2025-02-09,Ward 18,6,1,2,80.31,150.0,124.17,115.49,118.21,132.29
2025-02-10,Ward 18,0,0,2,78.53,150.0,132.29,124.95,118.42,118.68
2025-02-11,Ward 18,1,0,2,76.17,150.0,118.68,125.05,116.41,112.44
2025-02-12,Ward 18,2,0,2,63.48,150.0,112.44,121.14,116.21,108.92
2025-02-13,Ward 18,3,0,2,70.51,150.0,108.92,113.35,116.97,107.99
2025-02-14,Ward 18,4,0,2,69.74,150.0,107.99,109.78,117.55,110.43
2025-02-15,Ward 18,5,1,2,76.53,150.0,110.43,109.11,116.42,134.48
2025-02-16,Ward 18,6,1,2,79.01,150.0,134.48,117.63,117.89,134.3
2025-02-17,Ward 18,0,0,2,68.15,150.0,134.3,126.4,118.18,115.65
2025-02-18,Ward 18,1,0,2,70.65,150.0,115.65,128.14,117.74,104.06
2025-02-19,Ward 18,2,0,2,70.66,150.0,104.06,118.0,116.55,120.36
2025-02-20,Ward 18,3,0,2,68.27,150.0,120.36,113.36,118.18,113.05
2025-02-21,Ward 18,4,0,2,72.17,150.0,113.05,112.49,118.9,131.99
2025-02-22,Ward 18,5,1,2,73.08,150.0,131.99,121.8,121.98,137.15
2025-02-23,Ward 18,6,1,2,90.54,150.0,137.15,127.4,122.37,126.34
2025-02-24,Ward 18,0,0,2,70.34,150.0,126.34,131.83,121.23,118.83
2025-02-25,Ward 18,1,0,2,70.89,150.0,118.83,127.44,121.68,117.87
2025-02-26,Ward 18,2,0,2,74.29,150.0,117.87,121.01,123.66,104.91
2025-02-27,Ward 18,3,0,2,70.04,150.0,104.91,113.87,121.45,110.69
2025-02-28,Ward 18,4,0,2,76.34,150.0,110.69,111.16,121.11,119.4
2025-03-01,Ward 18,5,1,3,70.56,150.0,119.4,111.67,119.31,134.42
2025-03-02,Ward 18,6,1,3,84.06,150.0,134.42,121.5,118.92,137.17
2025-03-03,Ward 18,0,0,3,73.01,150.0,137.17,130.33,120.47,129.33
2025-03-04,Ward 18,1,0,3,72.87,150.0,129.33,133.64,121.97,119.06
2025-03-05,Ward 18,2,0,3,66.47,150.0,119.06,128.52,122.14,117.88
2025-03-06,Ward 18,3,0,3,69.05,150.0,117.88,122.09,123.99,111.84
2025-03-07,Ward 18,4,0,3,74.03,150.0,111.84,116.26,124.16,125.72
2025-03-08,Ward 18,5,1,3,73.41,150.0,125.72,118.48,125.06,143.95
2025-03-09,Ward 18,6,1,3,82.18,150.0,143.95,127.17,126.42,139.41
2025-03-10,Ward 18,0,0,3,83.76,150.0,139.41,136.36,126.74,126.26
2025-03-11,Ward 18,1,0,3,79.07,150.0,126.26,136.54,126.3,115.47
2025-03-12,Ward 18,2,0,3,69.98,150.0,115.47,127.05,125.79,123.69
2025-03-13,Ward 18,3,0,3,70.4,150.0,123.69,121.81,126.62,108.17
2025-03-14,Ward 18,4,0,3,76.93,150.0,108.17,115.78,126.1,139.47
2025-03-15,Ward 18,5,1,3,80.41,150.0,139.47,123.78,128.06,130.37
2025-03-16,Ward 18,6,1,3,76.94,150.0,130.37,126.0,126.12,132.33
2025-03-17,Ward 18,0,0,3,78.39,150.0,132.33,134.06,125.11,120.17
2025-03-18,Ward 18,1,0,3,76.97,150.0,120.17,127.62,124.24,119.45
2025-03-19,Ward 18,2,0,3,66.29,150.0,119.45,123.98,124.81,120.77
2025-03-20,Ward 18,3,0,3,84.6,150.0,120.77,120.13,124.39,124.79
2025-03-21,Ward 18,4,0,3,74.39,150.0,124.79,121.67,126.76,129.18
2025-03-22,Ward 18,5,1,3,81.05,150.0,129.18,124.91,125.29,127.99
2025-03-23,Ward 18,6,1,3,78.28,150.0,127.99,127.32,124.95,131.18
2025-03-24,Ward 18,0,0,3,88.08,150.0,131.18,129.45,124.79,127.07
2025-03-25,Ward 18,1,0,3,85.4,150.0,127.07,128.75,125.78,113.83
2025-03-26,Ward 18,2,0,3,74.26,150.0,113.83,124.03,124.97,117.96
2025-03-27,Ward 18,3,0,3,68.77,150.0,117.96,119.62,124.57,121.69
2025-03-28,Ward 18,4,0,3,80.79,150.0,121.69,117.83,124.13,127.75
2025-03-29,Ward 18,5,1,3,68.9,150.0,127.75,122.47,123.92,135.9
2025-03-30,Ward 18,6,1,3,76.38,150.0,135.9,128.45,125.05,134.11
2025-03-31,Ward 18,0,0,3,79.71,150.0,134.11,132.59,125.47,117.87
2025-04-01,Ward 18,1,0,4,65.0,150.0,117.87,129.29,124.16,116.92
2025-04-02,Ward 18,2,0,4,70.05,150.0,116.92,122.97,124.6,101.13
2025-04-03,Ward 18,3,0,4,69.75,150.0,101.13,111.97,122.2,116.22
2025-04-04,Ward 18,4,0,4,68.79,150.0,116.22,111.42,121.41,117.7
2025-04-05,Ward 18,5,1,4,77.18,150.0,117.7,111.68,119.98,135.25
2025-04-06,Ward 18,6,1,4,92.52,150.0,135.25,123.06,119.89,140.1
2025-04-07,Ward 18,0,0,4,84.65,150.0,140.1,131.02,120.74,129.21
2025-04-08,Ward 18,1,0,4,82.07,150.0,129.21,134.85,122.36,123.99
2025-04-09,Ward 18,2,0,4,81.99,150.0,123.99,131.1,123.37,117.4
2025-04-10,Ward 18,3,0,4,70.7,150.0,117.4,123.53,125.7,117.99
2025-04-11,Ward 18,4,0,4,77.08,150.0,117.99,119.79,125.95,137.03
2025-04-12,Ward 18,5,1,4,79.09,150.0,137.03,124.14,128.71,138.84
2025-04-13,Ward 18,6,1,4,83.73,150.0,138.84,131.29,129.22,137.29
2025-04-14,Ward 18,0,0,4,86.25,150.0,137.29,137.72,128.82,117.0
2025-04-15,Ward 18,1,0,4,68.57,150.0,117.0,131.04,127.08,109.76
2025-04-16,Ward 18,2,0,4,57.96,150.0,109.76,121.35,125.04,106.21
2025-04-17,Ward 18,3,0,4,63.45,150.0,106.21,110.99,123.45,114.08
2025-04-18,Ward 18,4,0,4,77.0,150.0,114.08,110.02,122.89,124.48
2025-04-19,Ward 18,5,1,4,70.79,150.0,124.48,114.92,121.09,134.0
2025-04-20,Ward 18,6,1,4,85.31,150.0,134.0,124.19,120.4,129.84
2025-04-21,Ward 18,0,0,4,73.71,150.0,129.84,129.44,119.34,127.64
2025-04-22,Ward 18,1,0,4,76.2,150.0,127.64,130.49,120.86,121.95
2025-04-23,Ward 18,2,0,4,74.78,150.0,121.95,126.48,122.6,122.27
2025-04-24,Ward 18,3,0,4,69.81,150.0,122.27,123.95,124.89,121.63
2025-04-25,Ward 18,4,0,4,73.65,150.0,121.63,121.95,125.97,120.86
2025-04-26,Ward 18,5,1,4,66.56,150.0,120.86,121.59,125.46,136.79
2025-04-27,Ward 18,6,1,4,79.52,150.0,136.79,126.43,125.85,130.06
2025-04-28,Ward 18,0,0,4,77.88,150.0,130.06,129.24,125.89,132.29
2025-04-29,Ward 18,1,0,4,67.92,150.0,132.29,133.05,126.55,109.85
2025-04-30,Ward 18,2,0,4,64.99,150.0,109.85,124.07,124.82,120.97
2025-05-01,Ward 18,3,0,5,75.83,150.0,120.97,121.04,124.64,126.21
2025-05-02,Ward 18,4,0,5,70.99,150.0,126.21,119.01,125.29,122.02
2025-05-03,Ward 18,5,1,5,77.11,150.0,122.02,123.07,125.46,134.47
2025-05-04,Ward 18,6,1,5,83.01,150.0,134.47,127.57,125.12,134.1
2025-05-05,Ward 18,0,0,5,81.5,150.0,134.1,130.2,125.7,127.82
2025-05-06,Ward 18,1,0,5,81.28,150.0,127.82,132.13,125.06,123.29
2025-05-07,Ward 18,2,0,5,67.33,150.0,123.29,128.4,126.98,103.48
2025-05-08,Ward 18,3,0,5,71.85,150.0,103.48,118.2,124.48,121.36
2025-05-09,Ward 18,4,0,5,69.49,150.0,121.36,116.04,123.79,114.77
2025-05-10,Ward 18,5,1,5,72.23,150.0,114.77,113.2,122.76,135.36
2025-05-11,Ward 18,6,1,5,89.64,150.0,135.36,123.83,122.88,138.61
2025-05-12,Ward 18,0,0,5,80.21,150.0,138.61,129.58,123.53,121.86
2025-05-13,Ward 18,1,0,5,74.86,150.0,121.86,131.94,122.68,112.53
2025-05-14,Ward 18,2,0,5,65.69,150.0,112.53,124.33,121.14,123.63
2025-05-15,Ward 18,3,0,5,84.5,150.0,123.63,119.34,124.02,129.18
2025-05-16,Ward 18,4,0,5,73.37,150.0,129.18,121.78,125.13,133.81
2025-05-17,Ward 18,5,1,5,83.18,150.0,133.81,128.87,127.85,140.72
2025-05-18,Ward 18,6,1,5,89.23,150.0,140.72,134.57,128.62,141.2
2025-05-19,Ward 18,0,0,5,86.89,150.0,141.2,138.58,128.99,132.96
2025-05-20,Ward 18,1,0,5,81.32,150.0,132.96,138.29,130.58,108.83
2025-05-21,Ward 18,2,0,5,69.58,150.0,108.83,127.66,130.05,107.78
2025-05-22,Ward 18,3,0,5,62.31,150.0,107.78,116.52,127.78,123.28
2025-05-23,Ward 18,4,0,5,84.07,150.0,123.28,113.3,126.94,135.77
2025-05-24,Ward 18,5,1,5,82.11,150.0,135.77,122.28,127.22,145.71
2025-05-25,Ward 18,6,1,5,85.2,150.0,145.71,134.92,127.93,138.74
2025-05-26,Ward 18,0,0,5,76.65,150.0,138.74,140.07,127.58,127.99
2025-05-27,Ward 18,1,0,5,77.76,150.0,127.99,137.48,126.87,107.95
2025-05-28,Ward 18,2,0,5,68.52,150.0,107.95,124.89,126.75,108.73
2025-05-29,Ward 18,3,0,5,78.1,150.0,108.73,114.89,126.88,120.16
2025-05-30,Ward 18,4,0,5,74.13,150.0,120.16,112.28,126.44,125.49
2025-05-31,Ward 18,5,1,5,76.6,150.0,125.49,118.13,124.97,130.65
2025-06-01,Ward 18,6,1,6,73.2,150.0,130.65,125.43,122.82,127.78
2025-06-02,Ward 18,0,0,6,73.64,150.0,127.78,127.97,121.25,111.87
2025-06-03,Ward 18,1,0,6,73.03,150.0,111.87,123.43,118.95,109.56
2025-06-04,Ward 18,2,0,6,60.54,150.0,109.56,116.4,119.18,105.68
2025-06-05,Ward 18,3,0,6,72.77,150.0,105.68,109.04,118.74,117.03
2025-06-06,Ward 18,4,0,6,77.84,150.0,117.03,110.76,118.29,121.42
2025-06-07,Ward 18,5,1,6,70.39,150.0,121.42,114.71,117.71,120.86
2025-06-08,Ward 18,6,1,6,76.1,150.0,120.86,119.77,116.31,125.93
2025-06-09,Ward 18,0,0,6,83.01,150.0,125.93,122.74,116.05,124.87
2025-06-10,Ward 18,1,0,6,75.45,150.0,124.87,123.89,117.91,103.42
2025-06-11,Ward 18,2,0,6,65.22,150.0,103.42,118.07,117.03,104.85
2025-06-12,Ward 18,3,0,6,66.42,150.0,104.85,111.05,116.91,104.59
2025-06-13,Ward 18,4,0,6,68.59,150.0,104.59,104.29,115.13,110.83
2025-06-14,Ward 18,5,1,6,66.89,150.0,110.83,106.76,113.62,123.27
2025-06-15,Ward 18,6,1,6,73.41,150.0,123.27,112.9,113.97,124.08
2025-06-16,Ward 18,0,0,6,77.13,150.0,124.08,119.39,113.7,108.42
2025-06-17,Ward 18,1,0,6,66.58,150.0,108.42,118.59,111.35,110.3
2025-06-18,Ward 18,2,0,6,63.99,150.0,110.3,114.27,112.33,91.22
2025-06-19,Ward 18,3,0,6,52.22,150.0,91.22,103.31,110.39,99.2
2025-06-20,Ward 18,4,0,6,65.14,150.0,99.2,100.24,109.62,108.76
2025-06-21,Ward 18,5,1,6,75.2,150.0,108.76,99.73,109.32,104.07
2025-06-22,Ward 18,6,1,6,69.08,150.0,104.07,104.01,106.58,122.34
2025-06-23,Ward 18,0,0,6,69.38,150.0,122.34,111.72,106.33,108.92
2025-06-24,Ward 18,1,0,6,65.43,150.0,108.92,111.78,106.4,94.39
2025-06-25,Ward 18,2,0,6,61.27,150.0,94.39,108.55,104.13,104.1
2025-06-26,Ward 18,3,0,6,76.3,150.0,104.1,102.47,105.97,103.28
2025-06-27,Ward 18,4,0,6,76.28,150.0,103.28,100.59,106.55,111.13
2025-06-28,Ward 18,5,1,6,78.92,150.0,111.13,106.17,106.89,119.38
2025-06-29,Ward 18,6,1,6,74.39,150.0,119.38,111.26,109.08,120.5
2025-06-30,Ward 18,0,0,6,90.11,150.0,120.5,117.0,108.81,117.95
2025-07-01,Ward 18,1,0,7,69.58,150.0,117.95,119.28,110.1,108.71
2025-07-02,Ward 18,2,0,7,67.3,150.0,108.71,115.72,112.15,98.51
2025-07-03,Ward 18,3,0,7,69.23,150.0,98.51,108.39,111.35,102.07
2025-07-04,Ward 18,4,0,7,67.62,150.0,102.07,103.1,111.18,108.77
2025-07-05,Ward 18,5,1,7,70.82,150.0,108.77,103.12,110.84,119.84
2025-07-06,Ward 18,6,1,7,64.25,150.0,119.84,110.23,110.91,120.01
2025-07-07,Ward 18,0,0,7,69.09,150.0,120.01,116.21,110.84,99.97
2025-07-08,Ward 18,1,0,7,65.03,150.0,99.97,113.27,108.27,94.94
2025-07-09,Ward 18,2,0,7,59.67,150.0,94.94,104.97,106.3,98.39
2025-07-10,Ward 18,3,0,7,57.92,150.0,98.39,97.77,106.28,95.74
2025-07-11,Ward 18,4,0,7,60.56,150.0,95.74,96.36,105.38,103.06
2025-07-12,Ward 18,5,1,7,68.05,150.0,103.06,99.06,104.56,106.69
2025-07-13,Ward 18,6,1,7,71.85,150.0,106.69,101.83,102.69,110.5
2025-07-14,Ward 18,0,0,7,60.42,150.0,110.5,106.75,101.33,89.62
2025-07-15,Ward 18,1,0,7,60.77,150.0,89.62,102.27,99.85,86.4
2025-07-16,Ward 18,2,0,7,58.92,150.0,86.4,95.51,98.63,87.8
2025-07-17,Ward 18,3,0,7,61.17,150.0,87.8,87.94,97.12,98.09
2025-07-18,Ward 18,4,0,7,58.95,150.0,98.09,90.76,97.45,94.52
2025-07-19,Ward 18,5,1,7,57.49,150.0,94.52,93.47,96.23,107.47
2025-07-20,Ward 18,6,1,7,74.8,150.0,107.47,100.03,96.34,106.13
2025-07-21,Ward 18,0,0,7,55.48,150.0,106.13,102.71,95.72,86.87
2025-07-22,Ward 18,1,0,7,55.48,150.0,86.87,100.16,95.33,80.78
2025-07-23,Ward 18,2,0,7,54.96,150.0,80.78,91.26,94.52,83.87
2025-07-24,Ward 18,3,0,7,56.78,150.0,83.87,83.84,93.96,95.05
2025-07-25,Ward 18,4,0,7,59.81,150.0,95.05,86.57,93.53,93.72
2025-07-26,Ward 18,5,1,7,65.01,150.0,93.72,90.88,93.41,95.82
2025-07-27,Ward 18,6,1,7,65.47,150.0,95.82,94.86,91.75,102.04
2025-07-28,Ward 18,0,0,7,65.48,150.0,102.04,97.19,91.16,104.89
2025-07-29,Ward 18,1,0,7,64.34,150.0,104.89,100.92,93.74,102.78
2025-07-30,Ward 18,2,0,7,65.41,150.0,102.78,103.24,96.88,84.5
2025-07-31,Ward 18,3,0,7,58.97,150.0,84.5,97.39,96.97,82.2
2025-08-01,Ward 18,4,0,8,53.86,150.0,82.2,89.83,95.14,95.04
2025-08-02,Ward 18,5,1,8,65.96,150.0,95.04,87.25,95.32,101.11
2025-08-03,Ward 18,6,1,8,70.75,150.0,101.11,92.78,96.08,110.6
2025-08-04,Ward 18,0,0,8,77.11,150.0,110.6,102.25,97.3,103.14
2025-08-05,Ward 18,1,0,8,73.51,150.0,103.14,104.95,97.05,79.35
2025-08-06,Ward 18,2,0,8,54.8,150.0,79.35,97.7,93.71,75.65
2025-08-07,Ward 18,3,0,8,55.38,150.0,75.65,86.05,92.44,79.88
2025-08-08,Ward 18,4,0,8,55.78,150.0,79.88,78.29,92.11,101.96
2025-08-09,Ward 18,5,1,8,65.33,150.0,101.96,85.83,93.1,108.32
2025-08-10,Ward 18,6,1,8,67.78,150.0,108.32,96.72,94.13,104.9
2025-08-11,Ward 18,0,0,8,67.49,150.0,104.9,105.06,93.31,97.64
2025-08-12,Ward 18,1,0,8,70.14,150.0,97.64,103.62,92.53,96.44
2025-08-13,Ward 18,2,0,8,65.34,150.0,96.44,99.66,94.97,91.19
2025-08-14,Ward 18,3,0,8,55.76,150.0,91.19,95.09,97.19,88.05
2025-08-15,Ward 18,4,0,8,64.86,150.0,88.05,91.89,98.36,100.09
2025-08-16,Ward 18,5,1,8,66.43,150.0,100.09,93.11,98.09,110.5
2025-08-17,Ward 18,6,1,8,72.34,150.0,110.5,99.55,98.4,112.83
2025-08-18,Ward 18,0,0,8,72.34,150.0,112.83,107.81,99.53,96.36
2025-08-19,Ward 18,1,0,8,65.44,150.0,96.36,106.56,99.35,67.96
2025-08-20,Ward 18,2,0,8,53.36,150.0,67.96,92.38,95.28,53.18
2025-08-21,Ward 18,3,0,8,36.43,150.0,53.18,72.5,89.85,73.14
2025-08-22,Ward 18,4,0,8,56.08,150.0,73.14,64.76,87.72,78.96
2025-08-23,Ward 18,5,1,8,52.66,150.0,78.96,68.43,84.7,101.11
2025-08-24,Ward 18,6,1,8,63.39,150.0,101.11,84.4,83.36,111.4
2025-08-25,Ward 18,0,0,8,70.26,150.0,111.4,97.16,83.16,96.89
2025-08-26,Ward 18,1,0,8,72.07,150.0,96.89,103.13,83.23,84.33
2025-08-27,Ward 18,2,0,8,53.53,150.0,84.33,97.54,85.57,77.96
2025-08-28,Ward 18,3,0,8,55.6,150.0,77.96,86.39,89.11,72.94
2025-08-29,Ward 18,4,0,8,52.33,150.0,72.94,78.41,89.08,80.33
2025-08-30,Ward 18,5,1,8,61.43,150.0,80.33,77.08,89.28,94.88
2025-08-31,Ward 18,6,1,8,61.7,150.0,94.88,82.72,88.39,94.94
2025-01-01,Ward 27,2,0,1,65.11,100.0,64.6,68.0,68.0,68.22
2025-01-02,Ward 27,3,0,1,61.34,100.0,68.22,68.22,68.22,63.37
2025-01-03,Ward 27,4,0,1,68.71,100.0,63.37,65.8,65.8,71.99
2025-01-04,Ward 27,5,1,1,61.71,100.0,71.99,67.86,67.86,85.93
2025-01-05,Ward 27,6,1,1,80.17,100.0,85.93,73.76,72.38,77.65
2025-01-06,Ward 27,0,0,1,73.62,100.0,77.65,78.52,73.43,80.03
2025-01-07,Ward 27,1,0,1,75.89,100.0,80.03,81.2,74.53,74.8
2025-01-08,Ward 27,2,0,1,63.6,100.0,74.8,77.49,74.57,72.11
2025-01-09,Ward 27,3,0,1,67.36,100.0,72.11,75.65,75.13,70.92
2025-01-10,Ward 27,4,0,1,72.45,100.0,70.92,72.61,76.2,89.12
2025-01-11,Ward 27,5,1,1,88.9,100.0,89.12,77.38,78.65,102.68
2025-01-12,Ward 27,6,1,1,88.19,100.0,102.68,87.57,81.04,98.11
2025-01-13,Ward 27,0,0,1,89.61,100.0,98.11,96.64,83.97,87.87
2025-01-14,Ward 27,1,0,1,79.77,100.0,87.87,96.22,85.09,81.86
2025-01-15,Ward 27,2,0,1,74.91,100.0,81.86,89.28,86.1,72.27
2025-01-16,Ward 27,3,0,1,66.9,100.0,72.27,80.67,86.12,80.46
2025-01-17,Ward 27,4,0,1,74.31,100.0,80.46,78.2,87.48,88.68
2025-01-18,Ward 27,5,1,1,82.99,100.0,88.68,80.47,87.42,94.29
2025-01-19,Ward 27,6,1,1,87.07,100.0,94.29,87.81,86.22,97.16
2025-01-20,Ward 27,0,0,1,78.98,100.0,97.16,93.38,86.08,95.88
2025-01-21,Ward 27,1,0,1,81.82,100.0,95.88,95.78,87.23,71.47
2025-01-22,Ward 27,2,0,1,63.23,100.0,71.47,88.17,85.74,66.81
2025-01-23,Ward 27,3,0,1,65.69,100.0,66.81,78.05,84.96,73.95
2025-01-24,Ward 27,4,0,1,68.38,100.0,73.95,70.74,84.03,88.1
2025-01-25,Ward 27,5,1,1,80.96,100.0,88.1,76.29,83.95,98.64
2025-01-26,Ward 27,6,1,1,88.17,100.0,98.64,86.9,84.57,101.1
2025-01-27,Ward 27,0,0,1,77.18,100.0,101.1,95.95,85.14,87.21
2025-01-28,Ward 27,1,0,1,67.79,100.0,87.21,95.65,83.9,77.79
2025-01-29,Ward 27,2,0,1,72.54,100.0,77.79,88.7,84.8,83.31
2025-01-30,Ward 27,3,0,1,82.09,100.0,83.31,82.77,87.16,85.65
2025-01-31,Ward 27,4,0,1,75.17,100.0,85.65,82.25,88.83,93.87
2025-02-01,Ward 27,5,1,2,80.38,100.0,93.87,87.61,89.65,100.62
2025-02-02,Ward 27,6,1,2,92.33,100.0,100.62,93.38,89.94,97.03
2025-02-03,Ward 27,0,0,2,89.1,100.0,97.03,97.17,89.35,94.92
2025-02-04,Ward 27,1,0,2,78.92,100.0,94.92,97.52,90.46,89.25
2025-02-05,Ward 27,2,0,2,83.51,100.0,89.25,93.73,92.09,84.88
2025-02-06,Ward 27,3,0,2,73.36,100.0,84.88,89.68,92.32,80.74
2025-02-07,Ward 27,4,0,2,71.79,100.0,80.74,84.96,91.62,93.58
2025-02-08,Ward 27,5,1,2,78.05,100.0,93.58,86.4,91.57,104.2
2025-02-09,Ward 27,6,1,2,83.52,100.0,104.2,92.84,92.09,100.83
2025-02-10,Ward 27,0,0,2,88.09,100.0,100.83,99.54,92.63,108.22
2025-02-11,Ward 27,1,0,2,85.46,100.0,108.22,104.42,94.53,99.12
2025-02-12,Ward 27,2,0,2,87.18,100.0,99.12,102.72,95.94,92.08
2025-02-13,Ward 27,3,0,2,82.44,100.0,92.08,99.81,96.97,93.63
2025-02-14,Ward 27,4,0,2,82.09,100.0,93.63,94.94,98.81,106.6
2025-02-15,Ward 27,5,1,2,89.01,100.0,106.6,97.44,100.67,116.3
2025-02-16,Ward 27,6,1,2,94.37,100.0,116.3,105.51,102.4,109.46
2025-02-17,Ward 27,0,0,2,87.79,100.0,109.46,110.79,103.63,101.8
2025-02-18,Ward 27,1,0,2,95.4,100.0,101.8,109.19,102.71,90.67
2025-02-19,Ward 27,2,0,2,79.95,100.0,90.67,100.64,101.51,80.94
2025-02-20,Ward 27,3,0,2,73.46,100.0,80.94,91.14,99.91,77.89
2025-02-21,Ward 27,4,0,2,68.06,100.0,77.89,83.17,97.67,92.97
2025-02-22,Ward 27,5,1,2,89.03,100.0,92.97,83.93,95.72,121.66
2025-02-23,Ward 27,6,1,2,98.15,100.0,121.66,97.51,96.48,120.59
2025-02-24,Ward 27,0,0,2,99.0,100.0,120.59,111.74,98.07,103.12
2025-02-25,Ward 27,1,0,2,91.19,100.0,103.12,115.12,98.26,91.64
2025-02-26,Ward 27,2,0,2,82.12,100.0,91.64,105.12,98.4,86.01
2025-02-27,Ward 27,3,0,2,70.92,100.0,86.01,93.59,99.13,80.31
2025-02-28,Ward 27,4,0,2,77.47,100.0,80.31,85.99,99.47,92.72
2025-03-01,Ward 27,5,1,3,79.29,100.0,92.72,86.35,99.44,105.05
2025-03-02,Ward 27,6,1,3,94.26,100.0,105.05,92.69,97.06,107.62
2025-03-03,Ward 27,0,0,3,88.67,100.0,107.62,101.8,95.21,106.05
2025-03-04,Ward 27,1,0,3,98.83,100.0,106.05,106.24,95.63,96.27
2025-03-05,Ward 27,2,0,3,89.44,100.0,96.27,103.31,96.29,98.57
2025-03-06,Ward 27,3,0,3,91.72,100.0,98.57,100.3,98.08,100.19
2025-03-07,Ward 27,4,0,3,90.12,100.0,100.19,98.34,100.92,106.53
2025-03-08,Ward 27,5,1,3,85.76,100.0,106.53,101.76,102.9,115.77
2025-03-09,Ward 27,6,1,3,90.47,100.0,115.77,107.5,104.43,106.8
2025-03-10,Ward 27,0,0,3,97.94,100.0,106.8,109.7,104.31,106.27
2025-03-11,Ward 27,1,0,3,98.51,100.0,106.27,109.61,104.34,93.54
2025-03-12,Ward 27,2,0,3,77.04,100.0,93.54,102.2,103.95,89.13
2025-03-13,Ward 27,3,0,3,80.44,100.0,89.13,96.31,102.6,93.7
2025-03-14,Ward 27,4,0,3,88.57,100.0,93.7,92.12,101.68,99.39
2025-03-15,Ward 27,5,1,3,88.36,100.0,99.39,94.07,100.66,103.5
2025-03-16,Ward 27,6,1,3,91.53,100.0,103.5,98.86,98.9,106.99
2025-03-17,Ward 27,0,0,3,87.79,100.0,106.99,103.29,98.93,98.46
2025-03-18,Ward 27,1,0,3,85.08,100.0,98.46,102.98,97.82,88.88
2025-03-19,Ward 27,2,0,3,88.63,100.0,88.88,98.11,97.15,88.85
2025-03-20,Ward 27,3,0,3,78.53,100.0,88.85,92.06,97.11,79.87
2025-03-21,Ward 27,4,0,3,69.44,100.0,79.87,85.87,95.13,92.57
2025-03-22,Ward 27,5,1,3,78.74,100.0,92.57,87.1,94.16,113.7
2025-03-23,Ward 27,6,1,3,95.08,100.0,113.7,95.38,95.62,118.42
2025-03-24,Ward 27,0,0,3,99.0,100.0,118.42,108.23,97.25,105.23
2025-03-25,Ward 27,1,0,3,89.96,100.0,105.23,112.45,98.22,93.68
2025-03-26,Ward 27,2,0,3,91.49,100.0,93.68,105.78,98.9,77.98
2025-03-27,Ward 27,3,0,3,62.68,100.0,77.98,92.3,97.35,84.05
2025-03-28,Ward 27,4,0,3,76.71,100.0,84.05,85.24,97.95,101.08
2025-03-29,Ward 27,5,1,3,90.07,100.0,101.08,87.7,99.16,108.13
2025-03-30,Ward 27,6,1,3,97.38,100.0,108.13,97.75,98.37,115.7
2025-03-31,Ward 27,0,0,3,98.13,100.0,115.7,108.3,97.98,109.97
2025-04-01,Ward 27,1,0,4,94.84,100.0,109.97,111.27,98.66,92.6
2025-04-02,Ward 27,2,0,4,85.68,100.0,92.6,106.09,98.5,91.62
2025-04-03,Ward 27,3,0,4,81.56,100.0,91.62,98.06,100.45,103.33
2025-04-04,Ward 27,4,0,4,76.91,100.0,103.33,95.85,103.2,96.03
2025-04-05,Ward 27,5,1,4,78.48,100.0,96.03,96.99,102.48,105.84
2025-04-06,Ward 27,6,1,4,89.52,100.0,105.84,101.73,102.16,99.45
2025-04-07,Ward 27,0,0,4,81.72,100.0,99.45,100.44,99.83,91.96
2025-04-08,Ward 27,1,0,4,94.06,100.0,91.96,99.08,97.26,100.14
2025-04-09,Ward 27,2,0,4,85.03,100.0,100.14,97.18,98.34,91.25
2025-04-10,Ward 27,3,0,4,75.57,100.0,91.25,94.45,98.29,81.9
2025-04-11,Ward 27,4,0,4,74.65,100.0,81.9,91.1,95.22,89.51
2025-04-12,Ward 27,5,1,4,79.76,100.0,89.51,87.55,94.29,94.91
2025-04-13,Ward 27,6,1,4,79.88,100.0,94.91,88.77,92.73,103.04
2025-04-14,Ward 27,0,0,4,90.81,100.0,103.04,95.82,93.24,100.63
2025-04-15,Ward 27,1,0,4,80.81,100.0,100.63,99.53,94.48,95.56
2025-04-16,Ward 27,2,0,4,80.11,100.0,95.56,99.74,93.83,94.25
2025-04-17,Ward 27,3,0,4,83.21,100.0,94.25,96.81,94.26,86.07
2025-04-18,Ward 27,4,0,4,76.36,100.0,86.07,91.96,94.85,99.02
2025-04-19,Ward 27,5,1,4,89.43,100.0,99.02,93.11,96.21,107.97
2025-04-20,Ward 27,6,1,4,99.0,100.0,107.97,97.69,98.08,115.18
2025-04-21,Ward 27,0,0,4,95.58,100.0,115.18,107.39,99.81,108.03
2025-04-22,Ward 27,1,0,4,99.0,100.0,108.03,110.39,100.87,107.23
2025-04-23,Ward 27,2,0,4,85.56,100.0,107.23,110.15,102.54,90.48
2025-04-24,Ward 27,3,0,4,88.24,100.0,90.48,101.91,102.0,87.95
2025-04-25,Ward 27,4,0,4,72.55,100.0,87.95,95.22,102.27,94.9
2025-04-26,Ward 27,5,1,4,85.79,100.0,94.9,91.11,101.68,106.81
2025-04-27,Ward 27,6,1,4,88.17,100.0,106.81,96.55,101.51,103.69
2025-04-28,Ward 27,0,0,4,85.84,100.0,103.69,101.8,99.87,92.81
2025-04-29,Ward 27,1,0,4,93.73,100.0,92.81,101.1,97.7,90.45
2025-04-30,Ward 27,2,0,4,85.23,100.0,90.45,95.65,95.3,85.62
2025-05-01,Ward 27,3,0,5,76.72,100.0,85.62,89.63,94.6,85.55
2025-05-02,Ward 27,4,0,5,64.35,100.0,85.55,87.21,94.26,86.17
2025-05-03,Ward 27,5,1,5,68.96,100.0,86.17,85.78,93.01,87.34
2025-05-04,Ward 27,6,1,5,72.79,100.0,87.34,86.35,90.23,105.08
2025-05-05,Ward 27,0,0,5,90.08,100.0,105.08,92.86,90.43,104.75
2025-05-06,Ward 27,1,0,5,92.14,100.0,104.75,99.06,92.14,95.95
2025-05-07,Ward 27,2,0,5,79.86,100.0,95.95,101.93,92.92,92.11
2025-05-08,Ward 27,3,0,5,85.52,100.0,92.11,97.6,93.85,88.77
2025-05-09,Ward 27,4,0,5,82.5,100.0,88.77,92.28,94.31,100.13
2025-05-10,Ward 27,5,1,5,84.34,100.0,100.13,93.67,96.3,100.35
2025-05-11,Ward 27,6,1,5,81.31,100.0,100.35,96.42,98.16,103.55
2025-05-12,Ward 27,0,0,5,90.94,100.0,103.55,101.34,97.94,92.22
2025-05-13,Ward 27,1,0,5,82.08,100.0,92.22,98.71,96.15,89.17
2025-05-14,Ward 27,2,0,5,83.05,100.0,89.17,94.98,95.19,95.83
2025-05-15,Ward 27,3,0,5,90.67,100.0,95.83,92.41,95.72,87.57
2025-05-16,Ward 27,4,0,5,87.34,100.0,87.57,90.86,95.55,93.02
2025-05-17,Ward 27,5,1,5,87.69,100.0,93.02,92.14,94.53,104.29
2025-05-18,Ward 27,6,1,5,87.73,100.0,104.29,94.96,95.09,92.95
2025-05-19,Ward 27,0,0,5,81.56,100.0,92.95,96.75,93.58,81.5
2025-05-20,Ward 27,1,0,5,79.81,100.0,81.5,92.91,92.05,89.42
2025-05-21,Ward 27,2,0,5,76.14,100.0,89.42,87.96,92.08,86.42
2025-05-22,Ward 27,3,0,5,74.55,100.0,86.42,85.78,90.74,83.29
2025-05-23,Ward 27,4,0,5,80.01,100.0,83.29,86.38,90.13,92.06
2025-05-24,Ward 27,5,1,5,90.54,100.0,92.06,87.26,89.99,99.37
2025-05-25,Ward 27,6,1,5,91.59,100.0,99.37,91.57,89.29,101.27
2025-05-26,Ward 27,0,0,5,91.8,100.0,101.27,97.57,90.48,90.73
2025-05-27,Ward 27,1,0,5,80.73,100.0,90.73,97.12,91.79,81.98
2025-05-28,Ward 27,2,0,5,71.11,100.0,81.98,91.33,90.73,84.32
2025-05-29,Ward 27,3,0,5,80.06,100.0,84.32,85.68,90.43,89.44
2025-05-30,Ward 27,4,0,5,87.82,100.0,89.44,85.25,91.31,103.13
2025-05-31,Ward 27,5,1,5,87.16,100.0,103.13,92.3,92.89,107.49
2025-06-01,Ward 27,6,1,6,88.75,100.0,107.49,100.02,94.05,103.11
2025-06-02,Ward 27,0,0,6,86.02,100.0,103.11,104.58,94.31,102.77
2025-06-03,Ward 27,1,0,6,90.62,100.0,102.77,104.46,96.03,86.19
2025-06-04,Ward 27,2,0,6,83.99,100.0,86.19,97.36,96.64,69.95
2025-06-05,Ward 27,3,0,6,57.4,100.0,69.95,86.3,94.58,82.94
2025-06-06,Ward 27,4,0,6,76.21,100.0,82.94,79.69,93.65,91.81
2025-06-07,Ward 27,5,1,6,75.04,100.0,91.81,81.57,92.04,98.75
2025-06-08,Ward 27,6,1,6,96.21,100.0,98.75,91.17,90.79,104.04
2025-06-09,Ward 27,0,0,6,90.47,100.0,104.04,98.2,90.92,89.6
2025-06-10,Ward 27,1,0,6,78.27,100.0,89.6,97.46,89.04,66.74
2025-06-11,Ward 27,2,0,6,66.67,100.0,66.74,86.79,86.26,76.86
2025-06-12,Ward 27,3,0,6,64.08,100.0,76.86,77.73,87.25,75.08
2025-06-13,Ward 27,4,0,6,65.01,100.0,75.08,72.89,86.13,78.4
2025-06-14,Ward 27,5,1,6,73.23,100.0,78.4,76.78,84.21,79.22
2025-06-15,Ward 27,6,1,6,76.56,100.0,79.22,77.57,81.42,92.29
2025-06-16,Ward 27,0,0,6,80.73,100.0,92.29,83.3,79.74,69.45
2025-06-17,Ward 27,1,0,6,62.16,100.0,69.45,80.32,76.86,75.29
2025-06-18,Ward 27,2,0,6,57.05,100.0,75.29,79.01,78.08,69.35
2025-06-19,Ward 27,3,0,6,61.18,100.0,69.35,71.36,77.01,78.27
2025-06-20,Ward 27,4,0,6,69.5,100.0,78.27,74.3,77.47,85.72
2025-06-21,Ward 27,5,1,6,80.55,100.0,85.72,77.78,78.51,104.02
2025-06-22,Ward 27,6,1,6,88.6,100.0,104.02,89.34,82.06,98.83
2025-06-23,Ward 27,0,0,6,78.81,100.0,98.83,96.19,82.99,92.89
2025-06-24,Ward 27,1,0,6,78.58,100.0,92.89,98.58,86.34,74.61
2025-06-25,Ward 27,2,0,6,70.39,100.0,74.61,88.78,86.24,63.2
2025-06-26,Ward 27,3,0,6,64.22,100.0,63.2,76.9,85.36,77.47
2025-06-27,Ward 27,4,0,6,73.82,100.0,77.47,71.76,85.25,73.9
2025-06-28,Ward 27,5,1,6,69.42,100.0,73.9,71.52,83.56,91.77
2025-06-29,Ward 27,6,1,6,72.26,100.0,91.77,81.05,81.81,82.97
2025-06-30,Ward 27,0,0,6,80.31,100.0,82.97,82.88,79.54,80.25
2025-07-01,Ward 27,1,0,7,76.22,100.0,80.25,85.0,77.74,81.99
2025-07-02,Ward 27,2,0,7,77.64,100.0,81.99,81.74,78.79,77.51
2025-07-03,Ward 27,3,0,7,85.94,100.0,77.51,79.92,80.84,75.68
2025-07-04,Ward 27,4,0,7,67.2,100.0,75.68,78.39,80.58,82.8
2025-07-05,Ward 27,5,1,7,78.01,100.0,82.8,78.66,81.85,86.67
2025-07-06,Ward 27,6,1,7,73.17,100.0,86.67,81.72,81.12,100.28
2025-07-07,Ward 27,0,0,7,88.82,100.0,100.28,89.92,83.6,80.55
2025-07-08,Ward 27,1,0,7,78.94,100.0,80.55,89.17,83.64,70.23
2025-07-09,Ward 27,2,0,7,66.39,100.0,70.23,83.69,81.96,70.97
2025-07-10,Ward 27,3,0,7,61.67,100.0,70.97,73.92,81.03,73.19
2025-07-11,Ward 27,4,0,7,79.14,100.0,73.19,71.46,80.67,82.17
2025-07-12,Ward 27,5,1,7,73.53,100.0,82.17,75.44,80.58,84.73
2025-07-13,Ward 27,6,1,7,75.02,100.0,84.73,80.03,80.3,83.08
2025-07-14,Ward 27,0,0,7,74.11,100.0,83.08,83.33,77.85,80.9
2025-07-15,Ward 27,1,0,7,65.92,100.0,80.9,82.9,77.9,72.83
2025-07-16,Ward 27,2,0,7,67.44,100.0,72.83,78.94,78.27,69.13
2025-07-17,Ward 27,3,0,7,61.3,100.0,69.13,74.29,78.0,76.73
2025-07-18,Ward 27,4,0,7,78.1,100.0,76.73,72.9,78.51,84.76
2025-07-19,Ward 27,5,1,7,69.52,100.0,84.76,76.87,78.88,91.82
2025-07-20,Ward 27,6,1,7,83.71,100.0,91.82,84.44,79.89,77.09
2025-07-21,Ward 27,0,0,7,71.99,100.0,77.09,84.56,79.04,74.29
2025-07-22,Ward 27,1,0,7,73.07,100.0,74.29,81.07,78.09,65.99
2025-07-23,Ward 27,2,0,7,66.35,100.0,65.99,72.46,77.12,71.88
2025-07-24,Ward 27,3,0,7,74.85,100.0,71.88,70.72,77.51,52.65
2025-07-25,Ward 27,4,0,7,54.64,100.0,52.65,63.51,74.07,65.44
2025-07-26,Ward 27,5,1,7,55.78,100.0,65.44,63.32,71.31,77.01
2025-07-27,Ward 27,6,1,7,78.3,100.0,77.01,65.03,69.19,71.75
2025-07-28,Ward 27,0,0,7,70.32,100.0,71.75,71.4,68.43,61.86
2025-07-29,Ward 27,1,0,7,58.85,100.0,61.86,70.21,66.65,65.19
2025-07-30,Ward 27,2,0,7,61.66,100.0,65.19,66.27,66.54,62.38
2025-07-31,Ward 27,3,0,7,53.19,100.0,62.38,63.14,65.18,72.59
2025-08-01,Ward 27,4,0,8,72.2,100.0,72.59,66.72,68.03,72.07
2025-08-02,Ward 27,5,1,8,71.72,100.0,72.07,69.01,68.98,70.47
2025-08-03,Ward 27,6,1,8,73.72,100.0,70.47,71.71,68.04,72.34
2025-08-04,Ward 27,0,0,8,68.0,100.0,72.34,71.63,68.13,63.28
2025-08-05,Ward 27,1,0,8,60.23,100.0,63.28,68.7,68.33,60.34
2025-08-06,Ward 27,2,0,8,62.5,100.0,60.34,65.32,67.64,61.03
2025-08-07,Ward 27,3,0,8,61.63,100.0,61.03,61.55,67.45,64.18
2025-08-08,Ward 27,4,0,8,61.62,100.0,64.18,61.85,66.24,81.26
2025-08-09,Ward 27,5,1,8,66.98,100.0,81.26,68.82,67.56,88.02
2025-08-10,Ward 27,6,1,8,86.05,100.0,88.02,77.82,70.06,75.86
2025-08-11,Ward 27,0,0,8,82.46,100.0,75.86,81.71,70.57,74.27
2025-08-12,Ward 27,1,0,8,75.13,100.0,74.27,79.38,72.14,61.28
2025-08-13,Ward 27,2,0,8,60.75,100.0,61.28,70.47,72.27,55.76
2025-08-14,Ward 27,3,0,8,60.2,100.0,55.76,63.77,71.52,67.19
2025-08-15,Ward 27,4,0,8,66.58,100.0,67.19,61.41,71.95,63.89
2025-08-16,Ward 27,5,1,8,67.65,100.0,63.89,62.28,69.47,79.34
2025-08-17,Ward 27,6,1,8,76.84,100.0,79.34,70.14,68.23,80.3
2025-08-18,Ward 27,0,0,8,72.84,100.0,80.3,74.51,68.86,62.17
2025-08-19,Ward 27,1,0,8,58.07,100.0,62.17,73.94,67.13,43.73
2025-08-20,Ward 27,2,0,8,51.61,100.0,43.73,62.07,64.63,47.45
2025-08-21,Ward 27,3,0,8,50.64,100.0,47.45,51.12,63.44,35.13
2025-08-22,Ward 27,4,0,8,38.6,100.0,35.13,42.1,58.86,59.27
2025-08-23,Ward 27,5,1,8,57.2,100.0,59.27,47.28,58.2,70.81
2025-08-24,Ward 27,6,1,8,61.07,100.0,70.81,55.07,56.98,77.41
2025-08-25,Ward 27,0,0,8,71.6,100.0,77.41,69.16,56.57,65.72
2025-08-26,Ward 27,1,0,8,76.35,100.0,65.72,71.31,57.07,63.43
2025-08-27,Ward 27,2,0,8,61.7,100.0,63.43,68.85,59.89,50.83
2025-08-28,Ward 27,3,0,8,53.41,100.0,50.83,59.99,60.37,56.18
2025-08-29,Ward 27,4,0,8,57.99,100.0,56.18,56.81,63.38,59.44
2025-08-30,Ward 27,5,1,8,67.97,100.0,59.44,55.48,63.4,69.17
2025-08-31,Ward 27,6,1,8,78.46,100.0,69.17,61.6,63.17,70.73
2025-01-01,Ward 31,2,0,1,67.98,180.0,102.6,108.0,108.0,107.69
2025-01-02,Ward 31,3,0,1,65.7,180.0,107.69,107.69,107.69,106.7
2025-01-03,Ward 31,4,0,1,56.26,180.0,106.7,107.19,107.19,117.85
2025-01-04,Ward 31,5,1,1,69.5,180.0,117.85,110.75,110.75,128.33
2025-01-05,Ward 31,6,1,1,61.91,180.0,128.33,117.63,115.14,119.06
2025-01-06,Ward 31,0,0,1,57.86,180.0,119.06,121.75,115.93,104.93
2025-01-07,Ward 31,1,0,1,60.44,180.0,104.93,117.44,114.09,111.7
2025-01-08,Ward 31,2,0,1,62.27,180.0,111.7,111.9,113.75,96.21
2025-01-09,Ward 31,3,0,1,55.79,180.0,96.21,104.28,112.11,106.13
2025-01-10,Ward 31,4,0,1,70.8,180.0,106.13,104.68,112.03,110.7
2025-01-11,Ward 31,5,1,1,60.02,180.0,110.7,104.35,111.01,135.35
2025-01-12,Ward 31,6,1,1,73.13,180.0,135.35,117.39,112.01,135.8
2025-01-13,Ward 31,0,0,1,71.61,180.0,135.8,127.28,114.4,126.81
2025-01-14,Ward 31,1,0,1,71.68,180.0,126.81,132.65,117.53,111.48
2025-01-15,Ward 31,2,0,1,66.65,180.0,111.48,124.7,117.5,103.99
2025-01-16,Ward 31,3,0,1,61.19,180.0,103.99,114.09,118.61,114.03
2025-01-17,Ward 31,4,0,1,60.1,180.0,114.03,109.83,119.74,122.47
2025-01-18,Ward 31,5,1,1,63.11,180.0,122.47,113.5,121.42,126.09
2025-01-19,Ward 31,6,1,1,65.76,180.0,126.09,120.86,120.1,123.61
2025-01-20,Ward 31,0,0,1,68.25,180.0,123.61,124.06,118.35,114.81
2025-01-21,Ward 31,1,0,1,67.02,180.0,114.81,121.5,116.64,105.23
2025-01-22,Ward 31,2,0,1,57.17,180.0,105.23,114.55,115.75,105.47
2025-01-23,Ward 31,3,0,1,66.71,180.0,105.47,108.5,115.96,117.2
2025-01-24,Ward 31,4,0,1,63.26,180.0,117.2,109.3,116.41,127.92
2025-01-25,Ward 31,5,1,1,57.66,180.0,127.92,116.86,117.19,133.68
2025-01-26,Ward 31,6,1,1,80.26,180.0,133.68,126.27,118.27,137.14
2025-01-27,Ward 31,0,0,1,71.86,180.0,137.14,132.91,120.21,131.78
2025-01-28,Ward 31,1,0,1,74.07,180.0,131.78,134.2,122.63,109.55
2025-01-29,Ward 31,2,0,1,53.15,180.0,109.55,126.16,123.25,113.49
2025-01-30,Ward 31,3,0,1,59.41,180.0,113.49,118.27,124.39,126.93
2025-01-31,Ward 31,4,0,1,66.26,180.0,126.93,116.66,125.78,119.75
2025-02-01,Ward 31,5,1,2,58.9,180.0,119.75,120.06,124.62,117.0
2025-02-02,Ward 31,6,1,2,63.08,180.0,117.0,121.23,122.23,127.94
2025-02-03,Ward 31,0,0,2,66.08,180.0,127.94,121.56,120.92,131.86
2025-02-04,Ward 31,1,0,2,75.61,180.0,131.86,125.6,120.93,121.6
2025-02-05,Ward 31,2,0,2,55.24,180.0,121.6,127.13,122.65,121.47
2025-02-06,Ward 31,3,0,2,68.64,180.0,121.47,124.98,123.79,126.3
2025-02-07,Ward 31,4,0,2,72.52,180.0,126.3,123.12,123.7,125.97
2025-02-08,Ward 31,5,1,2,77.53,180.0,125.97,124.58,124.59,134.26
2025-02-09,Ward 31,6,1,2,74.23,180.0,134.26,128.84,127.06,128.71
2025-02-10,Ward 31,0,0,2,63.83,180.0,128.71,129.65,127.17,136.27
2025-02-11,Ward 31,1,0,2,69.9,180.0,136.27,133.08,127.8,130.17
2025-02-12,Ward 31,2,0,2,70.19,180.0,130.17,131.72,129.02,124.73
2025-02-13,Ward 31,3,0,2,73.86,180.0,124.73,130.39,129.49,126.9
2025-02-14,Ward 31,4,0,2,58.92,180.0,126.9,127.27,129.57,127.71
2025-02-15,Ward 31,5,1,2,70.87,180.0,127.71,126.45,129.82,143.5
2025-02-16,Ward 31,6,1,2,65.98,180.0,143.5,132.7,131.14,137.74
2025-02-17,Ward 31,0,0,2,68.83,180.0,137.74,136.32,132.43,130.71
2025-02-18,Ward 31,1,0,2,62.32,180.0,130.71,137.32,131.64,119.5
2025-02-19,Ward 31,2,0,2,61.51,180.0,119.5,129.32,130.11,125.71
2025-02-20,Ward 31,3,0,2,71.44,180.0,125.71,125.31,130.25,128.3
2025-02-21,Ward 31,4,0,2,66.37,180.0,128.3,124.5,130.45,136.15
2025-02-22,Ward 31,5,1,2,67.08,180.0,136.15,130.05,131.66,137.6
2025-02-23,Ward 31,6,1,2,66.99,180.0,137.6,134.02,130.82,137.14
2025-02-24,Ward 31,0,0,2,65.71,180.0,137.14,136.96,130.73,133.62
2025-02-25,Ward 31,1,0,2,73.9,180.0,133.62,136.12,131.15,117.53
2025-02-26,Ward 31,2,0,2,64.57,180.0,117.53,129.43,130.86,120.48
2025-02-27,Ward 31,3,0,2,67.21,180.0,120.48,123.88,130.12,127.22
2025-02-28,Ward 31,4,0,2,60.67,180.0,127.22,121.74,129.96,126.97
2025-03-01,Ward 31,5,1,3,68.0,180.0,126.97,124.89,128.65,147.85
2025-03-02,Ward 31,6,1,3,64.32,180.0,147.85,134.01,130.12,146.7
2025-03-03,Ward 31,0,0,3,80.92,180.0,146.7,140.51,131.48,138.59
2025-03-04,Ward 31,1,0,3,74.8,180.0,138.59,144.38,132.19,125.54
2025-03-05,Ward 31,2,0,3,66.74,180.0,125.54,136.94,133.34,116.27
2025-03-06,Ward 31,3,0,3,52.26,180.0,116.27,126.8,132.73,129.79
2025-03-07,Ward 31,4,0,3,63.94,180.0,129.79,123.87,133.1,134.36
2025-03-08,Ward 31,5,1,3,63.59,180.0,134.36,126.81,134.16,136.41
2025-03-09,Ward 31,6,1,3,70.39,180.0,136.41,133.52,132.52,138.26
2025-03-10,Ward 31,0,0,3,73.82,180.0,138.26,136.34,131.32,138.5
2025-03-11,Ward 31,1,0,3,73.62,180.0,138.5,137.72,131.3,131.33
2025-03-12,Ward 31,2,0,3,77.31,180.0,131.33,136.03,132.13,123.83
2025-03-13,Ward 31,3,0,3,66.44,180.0,123.83,131.22,133.21,136.68
2025-03-14,Ward 31,4,0,3,77.68,180.0,136.68,130.61,134.2,134.08
2025-03-15,Ward 31,5,1,3,68.86,180.0,134.08,131.53,134.16,154.3
2025-03-16,Ward 31,6,1,3,80.26,180.0,154.3,141.69,136.71,152.89
2025-03-17,Ward 31,0,0,3,76.12,180.0,152.89,147.09,138.8,140.54
2025-03-18,Ward 31,1,0,3,74.19,180.0,140.54,149.24,139.09,130.75
2025-03-19,Ward 31,2,0,3,69.0,180.0,130.75,141.39,139.01,130.41
2025-03-20,Ward 31,3,0,3,65.7,180.0,130.41,133.9,139.95,136.6
2025-03-21,Ward 31,4,0,3,85.9,180.0,136.6,132.59,139.94,134.58
2025-03-22,Ward 31,5,1,3,72.22,180.0,134.58,133.86,140.01,143.56
2025-03-23,Ward 31,6,1,3,76.73,180.0,143.56,138.25,138.48,148.15
2025-03-24,Ward 31,0,0,3,79.31,180.0,148.15,142.1,137.8,148.92
2025-03-25,Ward 31,1,0,3,76.74,180.0,148.92,146.88,139.0,142.68
2025-03-26,Ward 31,2,0,3,61.8,180.0,142.68,146.58,140.7,142.83
2025-03-27,Ward 31,3,0,3,75.45,180.0,142.83,144.81,142.47,146.55
2025-03-28,Ward 31,4,0,3,68.82,180.0,146.55,144.02,143.9,141.44
2025-03-29,Ward 31,5,1,3,73.81,180.0,141.44,143.61,144.88,151.59
2025-03-30,Ward 31,6,1,3,78.16,180.0,151.59,146.53,146.02,158.72
2025-03-31,Ward 31,0,0,3,70.49,180.0,158.72,150.58,147.53,151.41
2025-04-01,Ward 31,1,0,4,76.72,180.0,151.41,153.91,147.89,136.96
2025-04-02,Ward 31,2,0,4,64.1,180.0,136.96,149.03,147.07,135.75
2025-04-03,Ward 31,3,0,4,58.95,180.0,135.75,141.37,146.06,139.12
2025-04-04,Ward 31,4,0,4,64.78,180.0,139.12,137.28,145.0,143.62
2025-04-05,Ward 31,5,1,4,73.27,180.0,143.62,139.5,145.31,159.46
2025-04-06,Ward 31,6,1,4,78.69,180.0,159.46,147.4,146.43,150.95
2025-04-07,Ward 31,0,0,4,73.98,180.0,150.95,151.34,145.32,150.75
2025-04-08,Ward 31,1,0,4,79.12,180.0,150.75,153.72,145.23,135.63
2025-04-09,Ward 31,2,0,4,69.8,180.0,135.63,145.78,145.04,123.52
2025-04-10,Ward 31,3,0,4,68.55,180.0,123.52,136.63,143.29,121.62
2025-04-11,Ward 31,4,0,4,69.68,180.0,121.62,126.92,140.79,138.09
2025-04-12,Ward 31,5,1,4,83.8,180.0,138.09,127.74,140.0,144.87
2025-04-13,Ward 31,6,1,4,73.8,180.0,144.87,134.86,137.92,158.5
2025-04-14,Ward 31,0,0,4,85.19,180.0,158.5,147.15,139.0,142.48
2025-04-15,Ward 31,1,0,4,74.57,180.0,142.48,148.62,137.82,132.94
2025-04-16,Ward 31,2,0,4,71.42,180.0,132.94,144.64,137.43,126.73
2025-04-17,Ward 31,3,0,4,67.32,180.0,126.73,134.05,137.89,122.45
2025-04-18,Ward 31,4,0,4,66.89,180.0,122.45,127.37,138.01,139.13
2025-04-19,Ward 31,5,1,4,71.1,180.0,139.13,129.44,138.16,139.31
2025-04-20,Ward 31,6,1,4,77.25,180.0,139.31,133.63,137.36,148.19
2025-04-21,Ward 31,0,0,4,71.88,180.0,148.19,142.21,135.89,138.19
2025-04-22,Ward 31,1,0,4,64.4,180.0,138.19,141.9,135.28,122.72
2025-04-23,Ward 31,2,0,4,63.63,180.0,122.72,136.37,133.82,132.42
2025-04-24,Ward 31,3,0,4,66.62,180.0,132.42,131.11,134.63,136.88
2025-04-25,Ward 31,4,0,4,68.74,180.0,136.88,130.67,136.69,142.72
2025-04-26,Ward 31,5,1,4,72.83,180.0,142.72,137.34,137.2,155.26
2025-04-27,Ward 31,6,1,4,75.39,180.0,155.26,144.95,139.48,141.7
2025-04-28,Ward 31,0,0,4,66.26,180.0,141.7,146.56,138.56,133.35
2025-04-29,Ward 31,1,0,4,63.91,180.0,133.35,143.44,137.86,129.48
2025-04-30,Ward 31,2,0,4,66.43,180.0,129.48,134.84,138.83,142.43
2025-05-01,Ward 31,3,0,5,64.74,180.0,142.43,135.09,140.26,137.77
2025-05-02,Ward 31,4,0,5,66.11,180.0,137.77,136.56,140.39,138.13
2025-05-03,Ward 31,5,1,5,72.59,180.0,138.13,139.44,139.73,134.25
2025-05-04,Ward 31,6,1,5,71.66,180.0,134.25,136.72,136.73,153.56
2025-05-05,Ward 31,0,0,5,75.19,180.0,153.56,141.98,138.42,143.25
2025-05-06,Ward 31,1,0,5,78.85,180.0,143.25,143.69,139.84,131.88
2025-05-07,Ward 31,2,0,5,66.72,180.0,131.88,142.9,140.18,115.0
2025-05-08,Ward 31,3,0,5,66.73,180.0,115.0,130.04,136.26,125.39
2025-05-09,Ward 31,4,0,5,62.22,180.0,125.39,124.09,134.49,135.28
2025-05-10,Ward 31,5,1,5,67.93,180.0,135.28,125.22,134.09,141.68
2025-05-11,Ward 31,6,1,5,76.19,180.0,141.68,134.12,135.15,136.6
2025-05-12,Ward 31,0,0,5,76.56,180.0,136.6,137.85,132.73,126.06
2025-05-13,Ward 31,1,0,5,64.21,180.0,126.06,134.78,130.27,133.6
2025-05-14,Ward 31,2,0,5,75.88,180.0,133.6,132.09,130.52,129.31
2025-05-15,Ward 31,3,0,5,63.99,180.0,129.31,129.66,132.56,126.1
2025-05-16,Ward 31,4,0,5,67.9,180.0,126.1,129.67,132.66,134.98
2025-05-17,Ward 31,5,1,5,70.29,180.0,134.98,130.13,132.62,143.98
2025-05-18,Ward 31,6,1,5,72.92,180.0,143.98,135.02,132.95,135.06
2025-05-19,Ward 31,0,0,5,68.19,180.0,135.06,138.01,132.73,137.07
2025-05-20,Ward 31,1,0,5,64.66,180.0,137.07,138.7,134.3,124.63
2025-05-21,Ward 31,2,0,5,62.91,180.0,124.63,132.25,133.02,123.45
2025-05-22,Ward 31,3,0,5,64.64,180.0,123.45,128.38,132.18,135.29
2025-05-23,Ward 31,4,0,5,73.39,180.0,135.29,127.79,133.49,130.34
2025-05-24,Ward 31,5,1,5,72.42,180.0,130.34,129.69,132.83,137.42
2025-05-25,Ward 31,6,1,5,68.74,180.0,137.42,134.35,131.89,141.49
2025-05-26,Ward 31,0,0,5,70.63,180.0,141.49,136.42,132.81,138.73
2025-05-27,Ward 31,1,0,5,68.22,180.0,138.73,139.21,133.05,122.16
2025-05-28,Ward 31,2,0,5,62.83,180.0,122.16,134.13,132.7,117.51
2025-05-29,Ward 31,3,0,5,69.93,180.0,117.51,126.13,131.85,128.06
2025-05-30,Ward 31,4,0,5,76.79,180.0,128.06,122.58,130.82,148.52
2025-05-31,Ward 31,5,1,5,70.48,180.0,148.52,131.36,133.41,147.61
2025-06-01,Ward 31,6,1,6,69.42,180.0,147.61,141.4,134.87,138.08
2025-06-02,Ward 31,0,0,6,68.71,180.0,138.08,144.74,134.38,124.72
2025-06-03,Ward 31,1,0,6,61.78,180.0,124.72,136.8,132.38,117.83
2025-06-04,Ward 31,2,0,6,58.47,180.0,117.83,126.88,131.76,122.49
2025-06-05,Ward 31,3,0,6,61.64,180.0,122.49,121.68,132.47,140.45
2025-06-06,Ward 31,4,0,6,70.46,180.0,140.45,126.92,134.24,138.01
2025-06-07,Ward 31,5,1,6,65.36,180.0,138.01,133.65,132.74,151.67
2025-06-08,Ward 31,6,1,6,82.37,180.0,151.67,143.38,133.32,146.98
2025-06-09,Ward 31,0,0,6,68.34,180.0,146.98,145.55,134.59,134.33
2025-06-10,Ward 31,1,0,6,64.9,180.0,134.33,144.33,135.97,130.84
2025-06-11,Ward 31,2,0,6,73.29,180.0,130.84,137.38,137.82,125.05
2025-06-12,Ward 31,3,0,6,54.98,180.0,125.05,130.07,138.19,117.15
2025-06-13,Ward 31,4,0,6,67.74,180.0,117.15,124.35,134.86,135.2
2025-06-14,Ward 31,5,1,6,76.37,180.0,135.2,125.8,134.46,132.01
2025-06-15,Ward 31,6,1,6,71.18,180.0,132.01,128.12,131.65,141.02
2025-06-16,Ward 31,0,0,6,64.63,180.0,141.02,136.08,130.8,128.57
2025-06-17,Ward 31,1,0,6,69.8,180.0,128.57,133.87,129.98,117.09
2025-06-18,Ward 31,2,0,6,55.02,180.0,117.09,128.89,128.01,111.8
2025-06-19,Ward 31,3,0,6,60.74,180.0,111.8,119.15,126.12,115.6
2025-06-20,Ward 31,4,0,6,60.93,180.0,115.6,114.83,125.9,120.99
2025-06-21,Ward 31,5,1,6,65.49,180.0,120.99,116.13,123.87,134.54
2025-06-22,Ward 31,6,1,6,69.06,180.0,134.54,123.71,124.23,130.69
2025-06-23,Ward 31,0,0,6,69.66,180.0,130.69,128.74,122.75,112.0
2025-06-24,Ward 31,1,0,6,64.83,180.0,112.0,125.74,120.39,109.58
2025-06-25,Ward 31,2,0,6,61.77,180.0,109.58,117.42,119.31,115.62
2025-06-26,Ward 31,3,0,6,53.99,180.0,115.62,112.4,119.86,102.64
2025-06-27,Ward 31,4,0,6,60.43,180.0,102.64,109.28,118.01,116.61
2025-06-28,Ward 31,5,1,6,64.96,180.0,116.61,111.62,117.38,125.31
2025-06-29,Ward 31,6,1,6,70.57,180.0,125.31,114.85,116.06,133.37
2025-06-30,Ward 31,0,0,6,72.58,180.0,133.37,125.1,116.45,121.28
2025-07-01,Ward 31,1,0,7,55.26,180.0,121.28,126.65,117.77,114.13
2025-07-02,Ward 31,2,0,7,69.32,180.0,114.13,122.93,118.42,115.34
2025-07-03,Ward 31,3,0,7,59.25,180.0,115.34,116.92,118.38,117.95
2025-07-04,Ward 31,4,0,7,68.9,180.0,117.95,115.81,120.57,132.06
2025-07-05,Ward 31,5,1,7,65.31,180.0,132.06,121.78,122.78,131.8
2025-07-06,Ward 31,6,1,7,73.33,180.0,131.8,127.27,123.7,130.83
2025-07-07,Ward 31,0,0,7,63.66,180.0,130.83,131.56,123.34,122.66
2025-07-08,Ward 31,1,0,7,69.19,180.0,122.66,128.43,123.54,112.7
2025-07-09,Ward 31,2,0,7,63.8,180.0,112.7,122.06,123.33,107.96
2025-07-10,Ward 31,3,0,7,68.38,180.0,107.96,114.44,122.28,106.94
2025-07-11,Ward 31,4,0,7,57.68,180.0,106.94,109.2,120.71,115.73
2025-07-12,Ward 31,5,1,7,68.19,180.0,115.73,110.21,118.37,117.12
2025-07-13,Ward 31,6,1,7,57.74,180.0,117.12,113.26,116.28,108.0
2025-07-14,Ward 31,0,0,7,61.16,180.0,108.0,113.62,113.02,102.29
2025-07-15,Ward 31,1,0,7,57.02,180.0,102.29,109.14,110.11,103.61
2025-07-16,Ward 31,2,0,7,56.21,180.0,103.61,104.63,108.81,102.99
2025-07-17,Ward 31,3,0,7,57.69,180.0,102.99,102.96,108.1,109.41
2025-07-18,Ward 31,4,0,7,63.88,180.0,109.41,105.34,108.45,110.47
2025-07-19,Ward 31,5,1,7,61.05,180.0,110.47,107.62,107.7,126.47
2025-07-20,Ward 31,6,1,7,69.64,180.0,126.47,115.45,109.03,115.01
2025-07-21,Ward 31,0,0,7,66.81,180.0,115.01,117.32,110.04,104.35
2025-07-22,Ward 31,1,0,7,66.74,180.0,104.35,115.28,110.33,107.14
2025-07-23,Ward 31,2,0,7,62.14,180.0,107.14,108.83,110.83,104.0
2025-07-24,Ward 31,3,0,7,58.51,180.0,104.0,105.16,110.98,109.23
2025-07-25,Ward 31,4,0,7,59.59,180.0,109.23,106.79,110.95,114.44
2025-07-26,Ward 31,5,1,7,67.69,180.0,114.44,109.22,111.52,118.86
2025-07-27,Ward 31,6,1,7,61.84,180.0,118.86,114.18,110.43,111.24
2025-07-28,Ward 31,0,0,7,56.85,180.0,111.24,114.85,109.89,95.63
2025-07-29,Ward 31,1,0,7,60.18,180.0,95.63,108.58,108.65,106.25
2025-07-30,Ward 31,2,0,7,67.49,180.0,106.25,104.37,108.52,92.5
2025-07-31,Ward 31,3,0,7,59.03,180.0,92.5,98.13,106.88,108.05
2025-08-01,Ward 31,4,0,8,58.73,180.0,108.05,102.27,106.71,111.34
2025-08-02,Ward 31,5,1,8,52.17,180.0,111.34,103.96,106.27,118.09
2025-08-03,Ward 31,6,1,8,59.33,180.0,118.09,112.49,106.16,117.17
2025-08-04,Ward 31,0,0,8,56.51,180.0,117.17,115.53,107.0,110.38
2025-08-05,Ward 31,1,0,8,66.98,180.0,110.38,115.21,109.11,96.1
2025-08-06,Ward 31,2,0,8,51.02,180.0,96.1,107.88,107.66,81.64
2025-08-07,Ward 31,3,0,8,50.15,180.0,81.64,96.04,106.11,89.49
2025-08-08,Ward 31,4,0,8,46.56,180.0,89.49,89.08,103.46,103.26
2025-08-09,Ward 31,5,1,8,57.04,180.0,103.26,91.46,102.3,106.48
2025-08-10,Ward 31,6,1,8,57.68,180.0,106.48,99.74,100.65,116.22
2025-08-11,Ward 31,0,0,8,66.98,180.0,116.22,108.65,100.51,105.94
2025-08-12,Ward 31,1,0,8,63.35,180.0,105.94,109.55,99.88,89.28
2025-08-13,Ward 31,2,0,8,54.4,180.0,89.28,103.81,98.9,91.41
2025-08-14,Ward 31,3,0,8,52.66,180.0,91.41,95.54,100.3,97.65
2025-08-15,Ward 31,4,0,8,53.36,180.0,97.65,92.78,101.46,106.45
2025-08-16,Ward 31,5,1,8,63.2,180.0,106.45,98.5,101.92,96.69
2025-08-17,Ward 31,6,1,8,62.87,180.0,96.69,100.26,100.52,88.09
2025-08-18,Ward 31,0,0,8,50.73,180.0,88.09,97.08,96.5,98.61
2025-08-19,Ward 31,1,0,8,56.02,180.0,98.61,94.46,95.45,82.02
2025-08-20,Ward 31,2,0,8,46.15,180.0,82.02,89.57,94.42,91.13
2025-08-21,Ward 31,3,0,8,45.3,180.0,91.13,90.59,94.38,98.65
2025-08-22,Ward 31,4,0,8,57.35,180.0,98.65,90.6,94.52,95.43
2025-08-23,Ward 31,5,1,8,53.55,180.0,95.43,95.07,92.95,100.33
2025-08-24,Ward 31,6,1,8,62.56,180.0,100.33,98.14,93.47,110.13
2025-08-25,Ward 31,0,0,8,53.17,180.0,110.13,101.96,96.61,97.43
2025-08-26,Ward 31,1,0,8,52.87,180.0,97.43,102.63,96.45,96.98
2025-08-27,Ward 31,2,0,8,50.27,180.0,96.98,101.51,98.58,100.44
2025-08-28,Ward 31,3,0,8,58.1,180.0,100.44,98.28,99.91,90.56
2025-08-29,Ward 31,4,0,8,51.32,180.0,90.56,95.99,98.76,93.78
2025-08-30,Ward 31,5,1,8,49.49,180.0,93.78,94.93,98.52,105.83
2025-08-31,Ward 31,6,1,8,54.08,180.0,105.83,96.72,99.31,93.24
2025-01-01,Ward 42,2,0,1,62.77,110.0,72.2,76.0,76.0,61.16
2025-01-02,Ward 42,3,0,1,54.38,110.0,61.16,61.16,61.16,63.68
2025-01-03,Ward 42,4,0,1,55.27,110.0,63.68,62.42,62.42,88.48
2025-01-04,Ward 42,5,1,1,74.57,110.0,88.48,71.11,71.11,96.22
2025-01-05,Ward 42,6,1,1,69.98,110.0,96.22,82.79,77.38,90.15
2025-01-06,Ward 42,0,0,1,76.35,110.0,90.15,91.62,79.94,79.05
2025-01-07,Ward 42,1,0,1,73.25,110.0,79.05,88.47,79.79,67.91
2025-01-08,Ward 42,2,0,1,60.7,110.0,67.91,79.04,78.09,68.24
2025-01-09,Ward 42,3,0,1,63.15,110.0,68.24,71.73,79.1,72.63
2025-01-10,Ward 42,4,0,1,63.56,110.0,72.63,69.59,80.38,83.0
2025-01-11,Ward 42,5,1,1,67.37,110.0,83.0,74.62,79.6,97.42
2025-01-12,Ward 42,6,1,1,80.76,110.0,97.42,84.35,79.77,96.7
2025-01-13,Ward 42,0,0,1,76.99,110.0,96.7,92.37,80.71,93.65
2025-01-14,Ward 42,1,0,1,76.16,110.0,93.65,95.92,82.79,80.35
2025-01-15,Ward 42,2,0,1,70.0,110.0,80.35,90.23,84.57,89.47
2025-01-16,Ward 42,3,0,1,68.17,110.0,89.47,87.82,87.6,91.53
2025-01-17,Ward 42,4,0,1,66.62,110.0,91.53,87.12,90.3,95.33
2025-01-18,Ward 42,5,1,1,86.21,110.0,95.33,92.11,92.06,106.87
2025-01-19,Ward 42,6,1,1,86.0,110.0,106.87,97.91,93.41,100.96
2025-01-20,Ward 42,0,0,1,81.81,110.0,100.96,101.05,94.02,92.54
2025-01-21,Ward 42,1,0,1,72.75,110.0,92.54,100.12,93.86,82.51
2025-01-22,Ward 42,2,0,1,71.75,110.0,82.51,92.0,94.17,78.23
2025-01-23,Ward 42,3,0,1,64.2,110.0,78.23,84.43,92.57,76.26
2025-01-24,Ward 42,4,0,1,69.02,110.0,76.26,79.0,90.39,93.37
2025-01-25,Ward 42,5,1,1,78.33,110.0,93.37,82.62,90.11,109.02
2025-01-26,Ward 42,6,1,1,86.86,110.0,109.02,92.88,90.41,108.2
2025-01-27,Ward 42,0,0,1,87.46,110.0,108.2,103.53,91.45,97.39
2025-01-28,Ward 42,1,0,1,76.89,110.0,97.39,104.87,92.14,100.53
2025-01-29,Ward 42,2,0,1,79.14,110.0,100.53,102.04,94.71,87.14
2025-01-30,Ward 42,3,0,1,75.66,110.0,87.14,95.02,95.99,91.92
2025-01-31,Ward 42,4,0,1,69.29,110.0,91.92,93.2,98.22,104.6
2025-02-01,Ward 42,5,1,2,83.34,110.0,104.6,94.55,99.83,103.57
2025-02-02,Ward 42,6,1,2,89.14,110.0,103.57,100.03,99.05,110.3
2025-02-03,Ward 42,0,0,2,80.85,110.0,110.3,106.16,99.35,110.84
2025-02-04,Ward 42,1,0,2,90.79,110.0,110.84,108.24,101.27,95.83
2025-02-05,Ward 42,2,0,2,86.58,110.0,95.83,105.66,100.6,93.18
2025-02-06,Ward 42,3,0,2,76.92,110.0,93.18,99.95,101.46,90.54
2025-02-07,Ward 42,4,0,2,78.41,110.0,90.54,93.18,101.27,102.71
2025-02-08,Ward 42,5,1,2,82.77,110.0,102.71,95.48,101.0,105.95
2025-02-09,Ward 42,6,1,2,85.26,110.0,105.95,99.73,101.34,107.86
2025-02-10,Ward 42,0,0,2,79.07,110.0,107.86,105.51,100.99,91.52
2025-02-11,Ward 42,1,0,2,78.91,110.0,91.52,101.78,98.23,72.72
2025-02-12,Ward 42,2,0,2,66.0,110.0,72.72,90.7,94.93,79.1
2025-02-13,Ward 42,3,0,2,75.28,110.0,79.1,81.11,92.91,86.09
2025-02-14,Ward 42,4,0,2,76.17,110.0,86.09,79.3,92.28,95.24
2025-02-15,Ward 42,5,1,2,78.85,110.0,95.24,86.81,91.21,111.5
2025-02-16,Ward 42,6,1,2,85.57,110.0,111.5,97.61,92.0,115.73
2025-02-17,Ward 42,0,0,2,85.42,110.0,115.73,107.49,93.13,105.27
2025-02-18,Ward 42,1,0,2,88.82,110.0,105.27,110.83,95.09,98.59
2025-02-19,Ward 42,2,0,2,89.84,110.0,98.59,106.53,98.79,90.5
2025-02-20,Ward 42,3,0,2,68.58,110.0,90.5,98.12,100.42,88.3
2025-02-21,Ward 42,4,0,2,77.48,110.0,88.3,92.46,100.73,103.62
2025-02-22,Ward 42,5,1,2,83.74,110.0,103.62,94.14,101.93,106.23
2025-02-23,Ward 42,6,1,2,88.61,110.0,106.23,99.38,101.18,103.07
2025-02-24,Ward 42,0,0,2,88.7,110.0,103.07,104.31,99.37,118.29
2025-02-25,Ward 42,1,0,2,93.73,110.0,118.29,109.2,101.23,104.91
2025-02-26,Ward 42,2,0,2,81.53,110.0,104.91,108.76,102.13,86.76
2025-02-27,Ward 42,3,0,2,70.25,110.0,86.76,103.32,101.6,87.49
2025-02-28,Ward 42,4,0,2,66.46,110.0,87.49,93.05,101.48,110.3
2025-03-01,Ward 42,5,1,3,88.54,110.0,110.3,94.85,102.44,118.89
2025-03-02,Ward 42,6,1,3,90.71,110.0,118.89,105.56,104.24,115.18
2025-03-03,Ward 42,0,0,3,94.88,110.0,115.18,114.79,105.97,107.53
2025-03-04,Ward 42,1,0,3,88.19,110.0,107.53,113.87,104.44,96.99
2025-03-05,Ward 42,2,0,3,77.6,110.0,96.99,106.57,103.31,86.78
2025-03-06,Ward 42,3,0,3,63.39,110.0,86.78,97.1,103.31,92.59
2025-03-07,Ward 42,4,0,3,76.99,110.0,92.59,92.12,104.04,96.16
2025-03-08,Ward 42,5,1,3,78.65,110.0,96.16,91.84,102.02,111.4
2025-03-09,Ward 42,6,1,3,77.05,110.0,111.4,100.05,100.95,106.66
2025-03-10,Ward 42,0,0,3,87.06,110.0,106.66,104.74,99.73,105.8
2025-03-11,Ward 42,1,0,3,78.75,110.0,105.8,107.95,99.48,97.24
2025-03-12,Ward 42,2,0,3,84.57,110.0,97.24,103.23,99.52,100.67
2025-03-13,Ward 42,3,0,3,81.01,110.0,100.67,101.24,101.5,98.36
2025-03-14,Ward 42,4,0,3,76.98,110.0,98.36,98.76,102.33,108.91
2025-03-15,Ward 42,5,1,3,87.33,110.0,108.91,102.65,104.15,121.03
2025-03-16,Ward 42,6,1,3,94.18,110.0,121.03,109.43,105.52,123.42
2025-03-17,Ward 42,0,0,3,95.4,110.0,123.42,117.79,107.92,116.6
2025-03-18,Ward 42,1,0,3,95.25,110.0,116.6,120.35,109.46,98.94
2025-03-19,Ward 42,2,0,3,71.42,110.0,98.94,112.99,109.7,106.3
2025-03-20,Ward 42,3,0,3,86.1,110.0,106.3,107.28,110.51,95.11
2025-03-21,Ward 42,4,0,3,74.63,110.0,95.11,100.12,110.04,110.81
2025-03-22,Ward 42,5,1,3,86.08,110.0,110.81,104.07,110.32,115.94
2025-03-23,Ward 42,6,1,3,97.51,110.0,115.94,107.29,109.59,111.7
2025-03-24,Ward 42,0,0,3,84.01,110.0,111.7,112.82,107.91,108.07
2025-03-25,Ward 42,1,0,3,87.81,110.0,108.07,111.9,106.7,102.77
2025-03-26,Ward 42,2,0,3,87.28,110.0,102.77,107.51,107.24,101.17
2025-03-27,Ward 42,3,0,3,84.23,110.0,101.17,104.0,106.51,101.44
2025-03-28,Ward 42,4,0,3,82.26,110.0,101.44,101.79,107.41,109.67
2025-03-29,Ward 42,5,1,3,87.88,110.0,109.67,104.09,107.25,123.15
2025-03-30,Ward 42,6,1,3,97.55,110.0,123.15,111.42,108.28,120.72
2025-03-31,Ward 42,0,0,3,89.29,110.0,120.72,117.85,109.57,111.31
2025-04-01,Ward 42,1,0,4,87.63,110.0,111.31,118.39,110.03,102.66
2025-04-02,Ward 42,2,0,4,93.7,110.0,102.66,111.56,110.02,98.0
2025-04-03,Ward 42,3,0,4,82.02,110.0,98.0,103.99,109.56,108.57
2025-04-04,Ward 42,4,0,4,86.65,110.0,108.57,103.08,110.58,126.54
2025-04-05,Ward 42,5,1,4,94.88,110.0,126.54,111.04,112.99,128.01
2025-04-06,Ward 42,6,1,4,93.65,110.0,128.01,121.04,113.69,120.43
2025-04-07,Ward 42,0,0,4,94.41,110.0,120.43,124.99,113.65,117.03
2025-04-08,Ward 42,1,0,4,92.75,110.0,117.03,121.82,114.46,112.24
2025-04-09,Ward 42,2,0,4,87.85,110.0,112.24,116.57,115.83,102.66
2025-04-10,Ward 42,3,0,4,96.18,110.0,102.66,110.64,116.5,108.66
2025-04-11,Ward 42,4,0,4,82.61,110.0,108.66,107.85,116.51,108.72
2025-04-12,Ward 42,5,1,4,81.53,110.0,108.72,106.68,113.96,123.99
2025-04-13,Ward 42,6,1,4,93.44,110.0,123.99,113.79,113.39,121.68
2025-04-14,Ward 42,0,0,4,93.58,110.0,121.68,118.13,113.57,116.5
2025-04-15,Ward 42,1,0,4,86.61,110.0,116.5,120.72,113.49,97.03
2025-04-16,Ward 42,2,0,4,80.46,110.0,97.03,111.74,111.32,101.24
2025-04-17,Ward 42,3,0,4,83.49,110.0,101.24,104.92,111.12,98.51
2025-04-18,Ward 42,4,0,4,83.6,110.0,98.51,98.93,109.67,103.7
2025-04-19,Ward 42,5,1,4,80.67,110.0,103.7,101.15,108.95,109.83
2025-04-20,Ward 42,6,1,4,93.41,110.0,109.83,104.01,106.93,118.49
2025-04-21,Ward 42,0,0,4,95.04,110.0,118.49,110.67,106.47,117.26
2025-04-22,Ward 42,1,0,4,99.0,110.0,117.26,115.19,106.58,93.49
2025-04-23,Ward 42,2,0,4,73.55,110.0,93.49,109.75,106.07,90.8
2025-04-24,Ward 42,3,0,4,71.4,110.0,90.8,100.52,104.58,90.56
2025-04-25,Ward 42,4,0,4,74.01,110.0,90.56,91.62,103.45,95.7
2025-04-26,Ward 42,5,1,4,80.23,110.0,95.7,92.35,102.3,111.55
2025-04-27,Ward 42,6,1,4,90.32,110.0,111.55,99.27,102.55,116.91
2025-04-28,Ward 42,0,0,4,94.1,110.0,116.91,108.05,102.32,105.81
2025-04-29,Ward 42,1,0,4,95.13,110.0,105.81,111.42,100.69,99.37
2025-04-30,Ward 42,2,0,4,71.41,110.0,99.37,107.36,101.53,89.13
2025-05-01,Ward 42,3,0,5,65.97,110.0,89.13,98.1,101.29,94.95
2025-05-02,Ward 42,4,0,5,77.5,110.0,94.95,94.48,101.92,101.35
2025-05-03,Ward 42,5,1,5,91.94,110.0,101.35,95.14,102.72,117.32
2025-05-04,Ward 42,6,1,5,94.96,110.0,117.32,104.54,103.55,110.4
2025-05-05,Ward 42,0,0,5,82.24,110.0,110.4,109.69,102.62,104.15
2025-05-06,Ward 42,1,0,5,84.41,110.0,104.15,110.62,102.38,84.72
2025-05-07,Ward 42,2,0,5,71.16,110.0,84.72,99.76,100.29,89.27
2025-05-08,Ward 42,3,0,5,73.67,110.0,89.27,92.71,100.31,90.08
2025-05-09,Ward 42,4,0,5,72.53,110.0,90.08,88.02,99.61,99.85
2025-05-10,Ward 42,5,1,5,81.46,110.0,99.85,93.07,99.4,114.81
2025-05-11,Ward 42,6,1,5,95.25,110.0,114.81,101.58,99.04,112.01
2025-05-12,Ward 42,0,0,5,85.91,110.0,112.01,108.89,99.27,106.32
2025-05-13,Ward 42,1,0,5,87.88,110.0,106.32,111.05,99.58,93.25
2025-05-14,Ward 42,2,0,5,81.05,110.0,93.25,103.86,100.8,98.48
2025-05-15,Ward 42,3,0,5,86.65,110.0,98.48,99.35,102.11,109.8
2025-05-16,Ward 42,4,0,5,82.55,110.0,109.8,100.51,104.93,109.03
2025-05-17,Ward 42,5,1,5,86.48,110.0,109.03,105.77,106.24,114.6
2025-05-18,Ward 42,6,1,5,86.47,110.0,114.6,111.14,106.21,104.1
2025-05-19,Ward 42,0,0,5,83.98,110.0,104.1,109.24,105.08,96.16
2025-05-20,Ward 42,1,0,5,79.25,110.0,96.16,104.95,103.63,86.36
2025-05-21,Ward 42,2,0,5,67.53,110.0,86.36,95.54,102.65,89.54
2025-05-22,Ward 42,3,0,5,75.66,110.0,89.54,90.69,101.37,97.29
2025-05-23,Ward 42,4,0,5,90.42,110.0,97.29,91.06,99.58,105.42
2025-05-24,Ward 42,5,1,5,86.72,110.0,105.42,97.42,99.07,105.52
2025-05-25,Ward 42,6,1,5,77.92,110.0,105.52,102.74,97.77,116.22
2025-05-26,Ward 42,0,0,5,86.06,110.0,116.22,109.05,99.5,97.22
2025-05-27,Ward 42,1,0,5,79.25,110.0,97.22,106.32,99.65,89.43
2025-05-28,Ward 42,2,0,5,70.33,110.0,89.43,100.96,100.09,86.36
2025-05-29,Ward 42,3,0,5,79.18,110.0,86.36,91.0,99.64,87.04
2025-05-30,Ward 42,4,0,5,66.46,110.0,87.04,87.61,98.17,102.01
2025-05-31,Ward 42,5,1,5,84.74,110.0,102.01,91.8,97.69,105.66
2025-06-01,Ward 42,6,1,6,76.52,110.0,105.66,98.24,97.71,101.15
2025-06-02,Ward 42,0,0,6,81.5,110.0,101.15,102.94,95.55,103.11
2025-06-03,Ward 42,1,0,6,77.75,110.0,103.11,103.31,96.39,89.86
2025-06-04,Ward 42,2,0,6,78.47,110.0,89.86,98.04,96.46,73.38
2025-06-05,Ward 42,3,0,6,70.53,110.0,73.38,88.78,94.6,77.5
2025-06-06,Ward 42,4,0,6,69.46,110.0,77.5,80.25,93.24,93.04
2025-06-07,Ward 42,5,1,6,82.4,110.0,93.04,81.31,91.96,107.38
2025-06-08,Ward 42,6,1,6,73.57,110.0,107.38,92.64,92.2,99.29
2025-06-09,Ward 42,0,0,6,81.36,110.0,99.29,99.9,91.94,92.66
2025-06-10,Ward 42,1,0,6,79.14,110.0,92.66,99.78,90.44,89.62
2025-06-11,Ward 42,2,0,6,78.0,110.0,89.62,93.86,90.41,84.24
2025-06-12,Ward 42,3,0,6,62.55,110.0,84.24,88.84,91.96,83.28
2025-06-13,Ward 42,4,0,6,73.29,110.0,83.28,85.71,92.79,86.28
2025-06-14,Ward 42,5,1,6,76.14,110.0,86.28,84.6,91.82,105.33
2025-06-15,Ward 42,6,1,6,84.87,110.0,105.33,91.63,91.53,84.92
2025-06-16,Ward 42,0,0,6,65.79,110.0,84.92,92.18,89.48,96.9
2025-06-17,Ward 42,1,0,6,76.53,110.0,96.9,95.72,90.08,72.98
2025-06-18,Ward 42,2,0,6,71.3,110.0,72.98,84.93,87.7,77.49
2025-06-19,Ward 42,3,0,6,73.31,110.0,77.49,82.46,86.74,84.56
2025-06-20,Ward 42,4,0,6,74.26,110.0,84.56,78.34,86.92,93.52
2025-06-21,Ward 42,5,1,6,80.75,110.0,93.52,85.19,87.96,114.84
2025-06-22,Ward 42,6,1,6,94.72,110.0,114.84,97.64,89.32,96.73
2025-06-23,Ward 42,0,0,6,81.39,110.0,96.73,101.7,91.0,97.34
2025-06-24,Ward 42,1,0,6,85.53,110.0,97.34,102.97,91.07,82.44
2025-06-25,Ward 42,2,0,6,76.54,110.0,82.44,92.17,92.42,86.39
2025-06-26,Ward 42,3,0,6,85.91,110.0,86.39,88.72,93.69,82.76
2025-06-27,Ward 42,4,0,6,68.37,110.0,82.76,83.86,93.43,88.01
2025-06-28,Ward 42,5,1,6,71.55,110.0,88.01,85.72,92.64,92.4
2025-06-29,Ward 42,6,1,6,62.79,110.0,92.4,87.72,89.44,91.06
2025-06-30,Ward 42,0,0,6,77.65,110.0,91.06,90.49,88.63,83.58
2025-07-01,Ward 42,1,0,7,81.07,110.0,83.58,89.01,86.66,77.91
2025-07-02,Ward 42,2,0,7,74.49,110.0,77.91,84.18,86.02,78.42
2025-07-03,Ward 42,3,0,7,72.47,110.0,78.42,79.97,84.88,82.14
2025-07-04,Ward 42,4,0,7,77.38,110.0,82.14,79.49,84.79,88.46
2025-07-05,Ward 42,5,1,7,76.75,110.0,88.46,83.01,84.85,98.3
2025-07-06,Ward 42,6,1,7,78.64,110.0,98.3,89.63,85.7,98.14
2025-07-07,Ward 42,0,0,7,91.16,110.0,98.14,94.97,86.71,87.39
2025-07-08,Ward 42,1,0,7,75.74,110.0,87.39,94.61,87.25,85.01
2025-07-09,Ward 42,2,0,7,77.93,110.0,85.01,90.18,88.27,78.92
2025-07-10,Ward 42,3,0,7,56.72,110.0,78.92,83.77,88.34,81.32
2025-07-11,Ward 42,4,0,7,58.96,110.0,81.32,81.75,88.22,93.94
2025-07-12,Ward 42,5,1,7,78.36,110.0,93.94,84.73,89.0,103.62
2025-07-13,Ward 42,6,1,7,78.72,110.0,103.62,92.96,89.76,87.68
2025-07-14,Ward 42,0,0,7,75.11,110.0,87.68,95.08,88.27,82.42
2025-07-15,Ward 42,1,0,7,68.25,110.0,82.42,91.24,87.56,74.26
2025-07-16,Ward 42,2,0,7,79.72,110.0,74.26,81.45,86.02,78.77
2025-07-17,Ward 42,3,0,7,73.79,110.0,78.77,78.48,86.0,83.58
2025-07-18,Ward 42,4,0,7,78.79,110.0,83.58,78.87,86.32,85.49
2025-07-19,Ward 42,5,1,7,62.24,110.0,85.49,82.61,85.12,90.0
2025-07-20,Ward 42,6,1,7,79.24,110.0,90.0,86.36,83.17,84.31
2025-07-21,Ward 42,0,0,7,70.94,110.0,84.31,86.6,82.69,74.83
2025-07-22,Ward 42,1,0,7,73.73,110.0,74.83,83.05,81.61,74.14
2025-07-23,Ward 42,2,0,7,69.07,110.0,74.14,77.76,81.59,74.46
2025-07-24,Ward 42,3,0,7,65.81,110.0,74.46,74.48,80.97,75.41
2025-07-25,Ward 42,4,0,7,60.63,110.0,75.41,74.67,79.81,66.54
2025-07-26,Ward 42,5,1,7,62.07,110.0,66.54,72.14,77.1,84.09
2025-07-27,Ward 42,6,1,7,77.74,110.0,84.09,75.35,76.25,95.16
2025-07-28,Ward 42,0,0,7,86.08,110.0,95.16,81.93,77.8,76.61
2025-07-29,Ward 42,1,0,7,65.51,110.0,76.61,85.29,78.06,70.61
2025-07-30,Ward 42,2,0,7,76.38,110.0,70.61,80.79,77.55,77.47
2025-07-31,Ward 42,3,0,7,73.37,110.0,77.47,74.9,77.98,72.25
2025-08-01,Ward 42,4,0,8,60.28,110.0,72.25,73.44,77.53,81.82
2025-08-02,Ward 42,5,1,8,64.84,110.0,81.82,77.18,79.72,85.68
2025-08-03,Ward 42,6,1,8,72.06,110.0,85.68,79.92,79.94,94.7
2025-08-04,Ward 42,0,0,8,76.19,110.0,94.7,87.4,79.88,65.96
2025-08-05,Ward 42,1,0,8,63.5,110.0,65.96,82.11,78.36,58.58
2025-08-06,Ward 42,2,0,8,56.83,110.0,58.58,73.08,76.64,60.53
2025-08-07,Ward 42,3,0,8,56.4,110.0,60.53,61.69,74.22,69.93
2025-08-08,Ward 42,4,0,8,55.66,110.0,69.93,63.01,73.89,71.1
2025-08-09,Ward 42,5,1,8,67.43,110.0,71.1,67.19,72.35,77.86
2025-08-10,Ward 42,6,1,8,59.96,110.0,77.86,72.96,71.24,82.79
2025-08-11,Ward 42,0,0,8,76.54,110.0,82.79,77.25,69.54,73.67
2025-08-12,Ward 42,1,0,8,55.73,110.0,73.67,78.11,70.64,66.73
2025-08-13,Ward 42,2,0,8,53.13,110.0,66.73,74.4,71.8,63.67
2025-08-14,Ward 42,3,0,8,55.19,110.0,63.67,68.02,72.25,57.95
2025-08-15,Ward 42,4,0,8,54.03,110.0,57.95,62.78,70.54,67.3
2025-08-16,Ward 42,5,1,8,58.55,110.0,67.3,62.97,70.0,81.49
2025-08-17,Ward 42,6,1,8,67.92,110.0,81.49,68.91,70.51,85.8
2025-08-18,Ward 42,0,0,8,74.11,110.0,85.8,78.2,70.94,69.86
2025-08-19,Ward 42,1,0,8,58.95,110.0,69.86,79.05,70.4,50.72
2025-08-20,Ward 42,2,0,8,53.42,110.0,50.72,68.79,68.11,52.71
2025-08-21,Ward 42,3,0,8,41.29,110.0,52.71,57.76,66.55,54.63
2025-08-22,Ward 42,4,0,8,49.78,110.0,54.63,52.69,66.07,74.72
2025-08-23,Ward 42,5,1,8,57.64,110.0,74.72,60.69,67.13,70.57
2025-08-24,Ward 42,6,1,8,69.25,110.0,70.57,66.64,65.57,82.84
2025-08-25,Ward 42,0,0,8,67.23,110.0,82.84,76.04,65.15,66.81
2025-08-26,Ward 42,1,0,8,64.56,110.0,66.81,73.41,64.71,44.56
2025-08-27,Ward 42,2,0,8,39.02,110.0,44.56,64.74,63.83,48.01
2025-08-28,Ward 42,3,0,8,58.12,110.0,48.01,53.13,63.16,54.19
2025-08-29,Ward 42,4,0,8,54.53,110.0,54.19,48.92,63.1,71.27
2025-08-30,Ward 42,5,1,8,74.65,110.0,71.27,57.82,62.61,75.03
2025-08-31,Ward 42,6,1,8,66.25,110.0,75.03,66.83,63.24,85.82
2025-01-01,Ward 54,2,0,1,53.2,140.0,83.6,88.0,88.0,89.27
2025-01-02,Ward 54,3,0,1,58.36,140.0,89.27,89.27,89.27,90.79
2025-01-03,Ward 54,4,0,1,62.94,140.0,90.79,90.03,90.03,91.89
2025-01-04,Ward 54,5,1,1,59.75,140.0,91.89,90.65,90.65,105.5
2025-01-05,Ward 54,6,1,1,75.96,140.0,105.5,96.06,94.36,106.82
2025-01-06,Ward 54,0,0,1,71.95,140.0,106.82,101.4,96.85,103.47
2025-01-07,Ward 54,1,0,1,65.18,140.0,103.47,105.26,97.96,96.7
2025-01-08,Ward 54,2,0,1,70.99,140.0,96.7,102.33,97.78,108.47
2025-01-09,Ward 54,3,0,1,70.48,140.0,108.47,102.88,100.52,98.73
2025-01-10,Ward 54,4,0,1,71.68,140.0,98.73,101.3,101.65,109.5
2025-01-11,Ward 54,5,1,1,70.16,140.0,109.5,105.57,104.17,112.27
2025-01-12,Ward 54,6,1,1,76.83,140.0,112.27,106.83,105.14,107.94
2025-01-13,Ward 54,0,0,1,70.06,140.0,107.94,109.9,105.3,103.17
2025-01-14,Ward 54,1,0,1,74.88,140.0,103.17,107.79,105.25,92.17
2025-01-15,Ward 54,2,0,1,55.58,140.0,92.17,101.09,104.61,79.82
2025-01-16,Ward 54,3,0,1,52.76,140.0,79.82,91.72,100.51,82.28
2025-01-17,Ward 54,4,0,1,59.43,140.0,82.28,84.76,98.16,90.63
2025-01-18,Ward 54,5,1,1,60.56,140.0,90.63,84.24,95.47,101.96
2025-01-19,Ward 54,6,1,1,67.14,140.0,101.96,91.62,94.0,115.37
2025-01-20,Ward 54,0,0,1,78.87,140.0,115.37,102.65,95.06,106.19
2025-01-21,Ward 54,1,0,1,69.0,140.0,106.19,107.84,95.49,93.13
2025-01-22,Ward 54,2,0,1,66.88,140.0,93.13,104.9,95.63,96.54
2025-01-23,Ward 54,3,0,1,62.28,140.0,96.54,98.62,98.01,98.33
2025-01-24,Ward 54,4,0,1,57.5,140.0,98.33,96.0,100.31,105.84
2025-01-25,Ward 54,5,1,1,74.95,140.0,105.84,100.24,102.48,114.44
2025-01-26,Ward 54,6,1,1,84.22,140.0,114.44,106.2,104.26,111.57
2025-01-27,Ward 54,0,0,1,74.89,140.0,111.57,110.62,103.72,106.4
2025-01-28,Ward 54,1,0,1,70.9,140.0,106.4,110.8,103.75,97.72
2025-01-29,Ward 54,2,0,1,67.91,140.0,97.72,105.23,104.41,102.29
2025-01-30,Ward 54,3,0,1,76.38,140.0,102.29,102.14,105.23,104.25
2025-01-31,Ward 54,4,0,1,74.48,140.0,104.25,101.42,106.07,106.75
2025-02-01,Ward 54,5,1,2,75.39,140.0,106.75,104.43,106.2,113.56
2025-02-02,Ward 54,6,1,2,80.18,140.0,113.56,108.19,106.08,130.58
2025-02-03,Ward 54,0,0,2,82.02,140.0,130.58,116.96,108.79,102.93
2025-02-04,Ward 54,1,0,2,67.05,140.0,102.93,115.69,108.3,105.77
2025-02-05,Ward 54,2,0,2,73.87,140.0,105.77,113.09,109.45,104.14
2025-02-06,Ward 54,3,0,2,75.39,140.0,104.14,104.28,109.71,109.38
2025-02-07,Ward 54,4,0,2,78.87,140.0,109.38,106.43,110.44,120.56
2025-02-08,Ward 54,5,1,2,85.58,140.0,120.56,111.36,112.42,128.48
2025-02-09,Ward 54,6,1,2,86.18,140.0,128.48,119.47,114.55,123.79
2025-02-10,Ward 54,0,0,2,76.47,140.0,123.79,124.28,113.58,124.86
2025-02-11,Ward 54,1,0,2,81.05,140.0,124.86,125.71,116.71,115.07
2025-02-12,Ward 54,2,0,2,76.04,140.0,115.07,121.24,118.04,104.92
2025-02-13,Ward 54,3,0,2,70.77,140.0,104.92,114.95,118.15,116.91
2025-02-14,Ward 54,4,0,2,79.06,140.0,116.91,112.3,119.23,109.67
2025-02-15,Ward 54,5,1,2,71.84,140.0,109.67,110.5,117.67,132.98
2025-02-16,Ward 54,6,1,2,82.67,140.0,132.98,119.85,118.31,117.38
2025-02-17,Ward 54,0,0,2,85.96,140.0,117.38,120.01,117.4,119.26
2025-02-18,Ward 54,1,0,2,77.02,140.0,119.26,123.21,116.6,106.34
2025-02-19,Ward 54,2,0,2,76.78,140.0,106.34,114.33,115.35,102.69
2025-02-20,Ward 54,3,0,2,75.42,140.0,102.69,109.43,115.03,111.79
2025-02-21,Ward 54,4,0,2,75.13,140.0,111.79,106.94,114.3,118.56
2025-02-22,Ward 54,5,1,2,76.17,140.0,118.56,111.01,115.57,132.77
2025-02-23,Ward 54,6,1,2,79.32,140.0,132.77,121.04,115.54,118.28
2025-02-24,Ward 54,0,0,2,79.99,140.0,118.28,123.2,115.67,118.95
2025-02-25,Ward 54,1,0,2,79.63,140.0,118.95,123.33,115.63,111.89
2025-02-26,Ward 54,2,0,2,72.35,140.0,111.89,116.37,116.42,112.89
2025-02-27,Ward 54,3,0,2,74.19,140.0,112.89,114.58,117.88,110.17
2025-02-28,Ward 54,4,0,2,71.59,140.0,110.17,111.65,117.64,129.96
2025-03-01,Ward 54,5,1,3,73.66,140.0,129.96,117.67,119.27,134.39
2025-03-02,Ward 54,6,1,3,76.0,140.0,134.39,124.84,119.5,128.74
2025-03-03,Ward 54,0,0,3,79.6,140.0,128.74,131.03,121.0,107.72
2025-03-04,Ward 54,1,0,3,73.96,140.0,107.72,123.62,119.39,103.64
2025-03-05,Ward 54,2,0,3,59.62,140.0,103.64,113.37,118.22,109.43
2025-03-06,Ward 54,3,0,3,79.98,140.0,109.43,106.93,117.72,122.22
2025-03-07,Ward 54,4,0,3,80.54,140.0,122.22,111.76,119.44,124.44
2025-03-08,Ward 54,5,1,3,86.42,140.0,124.44,118.7,118.65,141.81
2025-03-09,Ward 54,6,1,3,93.51,140.0,141.81,129.49,119.71,129.37
2025-03-10,Ward 54,0,0,3,83.07,140.0,129.37,131.87,119.8,123.93
2025-03-11,Ward 54,1,0,3,70.49,140.0,123.93,131.7,122.12,114.85
2025-03-12,Ward 54,2,0,3,86.69,140.0,114.85,122.72,123.72,117.27
2025-03-13,Ward 54,3,0,3,83.81,140.0,117.27,118.68,124.84,119.2
2025-03-14,Ward 54,4,0,3,76.98,140.0,119.2,117.11,124.41,126.1
2025-03-15,Ward 54,5,1,3,76.47,140.0,126.1,120.86,124.65,126.47
2025-03-16,Ward 54,6,1,3,87.05,140.0,126.47,123.92,122.46,137.82
2025-03-17,Ward 54,0,0,3,81.03,140.0,137.82,130.13,123.66,130.75
2025-03-18,Ward 54,1,0,3,82.27,140.0,130.75,131.68,124.64,118.87
2025-03-19,Ward 54,2,0,3,79.49,140.0,118.87,129.15,125.21,120.38
2025-03-20,Ward 54,3,0,3,78.3,140.0,120.38,123.33,125.66,127.35
2025-03-21,Ward 54,4,0,3,82.67,140.0,127.35,122.2,126.82,131.89
2025-03-22,Ward 54,5,1,3,79.07,140.0,131.89,126.54,127.65,148.34
2025-03-23,Ward 54,6,1,3,93.22,140.0,148.34,135.86,130.77,143.91
2025-03-24,Ward 54,0,0,3,80.77,140.0,143.91,141.38,131.64,123.56
2025-03-25,Ward 54,1,0,3,85.56,140.0,123.56,138.6,130.61,117.64
2025-03-26,Ward 54,2,0,3,67.05,140.0,117.64,128.37,130.44,119.48
2025-03-27,Ward 54,3,0,3,74.75,140.0,119.48,120.23,130.31,127.44
2025-03-28,Ward 54,4,0,3,80.73,140.0,127.44,121.52,130.32,129.84
2025-03-29,Ward 54,5,1,3,88.18,140.0,129.84,125.59,130.03,131.08
2025-03-30,Ward 54,6,1,3,77.89,140.0,131.08,129.45,127.56,129.92
2025-03-31,Ward 54,0,0,3,86.46,140.0,129.92,130.28,125.57,115.62
2025-04-01,Ward 54,1,0,4,67.34,140.0,115.62,125.54,124.43,114.7
2025-04-02,Ward 54,2,0,4,72.24,140.0,114.7,120.08,124.01,109.71
2025-04-03,Ward 54,3,0,4,63.65,140.0,109.71,113.34,122.62,108.83
2025-04-04,Ward 54,4,0,4,72.49,140.0,108.83,111.08,119.96,125.01
2025-04-05,Ward 54,5,1,4,76.18,140.0,125.01,114.52,119.27,141.44
2025-04-06,Ward 54,6,1,4,84.25,140.0,141.44,125.09,120.75,130.49
2025-04-07,Ward 54,0,0,4,90.27,140.0,130.49,132.31,120.83,124.87
2025-04-08,Ward 54,1,0,4,77.22,140.0,124.87,132.27,122.15,113.06
2025-04-09,Ward 54,2,0,4,81.26,140.0,113.06,122.81,121.92,121.16
2025-04-10,Ward 54,3,0,4,74.17,140.0,121.16,119.7,123.55,118.18
2025-04-11,Ward 54,4,0,4,77.32,140.0,118.18,117.47,124.89,118.09
2025-04-12,Ward 54,5,1,4,76.55,140.0,118.09,119.14,123.9,129.72
2025-04-13,Ward 54,6,1,4,87.93,140.0,129.72,122.0,122.22,138.32
2025-04-14,Ward 54,0,0,4,84.57,140.0,138.32,128.71,123.34,124.47
2025-04-15,Ward 54,1,0,4,83.11,140.0,124.47,130.84,123.29,111.14
2025-04-16,Ward 54,2,0,4,76.54,140.0,111.14,124.64,123.01,110.46
2025-04-17,Ward 54,3,0,4,68.44,140.0,110.46,115.36,121.48,107.6
2025-04-18,Ward 54,4,0,4,79.19,140.0,107.6,109.73,119.97,118.64
2025-04-19,Ward 54,5,1,4,85.28,140.0,118.64,112.23,120.05,127.18
2025-04-20,Ward 54,6,1,4,82.5,140.0,127.18,117.81,119.69,143.11
2025-04-21,Ward 54,0,0,4,83.16,140.0,143.11,129.64,120.37,115.08
2025-04-22,Ward 54,1,0,4,81.86,140.0,115.08,128.46,119.03,105.26
2025-04-23,Ward 54,2,0,4,70.77,140.0,105.26,121.15,118.19,103.53
2025-04-24,Ward 54,3,0,4,71.41,140.0,103.53,107.96,117.2,104.62
2025-04-25,Ward 54,4,0,4,69.67,140.0,104.62,104.47,116.77,119.03
2025-04-26,Ward 54,5,1,4,72.22,140.0,119.03,109.06,116.83,123.47
2025-04-27,Ward 54,6,1,4,77.59,140.0,123.47,115.71,116.3,117.26
2025-04-28,Ward 54,0,0,4,74.33,140.0,117.26,119.92,112.61,115.28
2025-04-29,Ward 54,1,0,4,73.53,140.0,115.28,118.67,112.64,106.07
2025-04-30,Ward 54,2,0,4,71.15,140.0,106.07,112.87,112.75,102.14
2025-05-01,Ward 54,3,0,5,72.88,140.0,102.14,107.83,112.55,117.45
2025-05-02,Ward 54,4,0,5,74.21,140.0,117.45,108.55,114.39,123.48
2025-05-03,Ward 54,5,1,5,78.13,140.0,123.48,114.36,115.02,131.43
2025-05-04,Ward 54,6,1,5,90.85,140.0,131.43,124.12,116.16,132.94
2025-05-05,Ward 54,0,0,5,74.86,140.0,132.94,129.28,118.4,123.14
2025-05-06,Ward 54,1,0,5,85.34,140.0,123.14,129.17,119.52,111.2
2025-05-07,Ward 54,2,0,5,78.61,140.0,111.2,122.43,120.25,105.29
2025-05-08,Ward 54,3,0,5,63.46,140.0,105.29,113.21,120.7,110.05
2025-05-09,Ward 54,4,0,5,64.31,140.0,110.05,108.85,119.65,115.29
2025-05-10,Ward 54,5,1,5,81.96,140.0,115.29,110.21,118.48,115.3
2025-05-11,Ward 54,6,1,5,69.13,140.0,115.3,113.55,116.17,114.32
2025-05-12,Ward 54,0,0,5,74.76,140.0,114.32,114.97,113.51,110.26
2025-05-13,Ward 54,1,0,5,80.19,140.0,110.26,113.29,111.67,111.13
2025-05-14,Ward 54,2,0,5,76.07,140.0,111.13,111.9,111.66,107.9
2025-05-15,Ward 54,3,0,5,74.06,140.0,107.9,109.76,112.04,104.38
2025-05-16,Ward 54,4,0,5,74.75,140.0,104.38,107.8,111.23,107.5
2025-05-17,Ward 54,5,1,5,76.09,140.0,107.5,106.59,110.11,128.29
2025-05-18,Ward 54,6,1,5,82.62,140.0,128.29,113.39,111.97,124.46
2025-05-19,Ward 54,0,0,5,81.79,140.0,124.46,120.08,113.42,98.99
2025-05-20,Ward 54,1,0,5,69.47,140.0,98.99,117.25,111.81,98.47
2025-05-21,Ward 54,2,0,5,67.47,140.0,98.47,107.31,110.0,104.53
2025-05-22,Ward 54,3,0,5,70.16,140.0,104.53,100.66,109.52,99.75
2025-05-23,Ward 54,4,0,5,67.61,140.0,99.75,100.92,108.86,110.73
2025-05-24,Ward 54,5,1,5,73.99,140.0,110.73,105.0,109.32,121.97
2025-05-25,Ward 54,6,1,5,83.83,140.0,121.97,110.82,108.41,115.52
2025-05-26,Ward 54,0,0,5,76.51,140.0,115.52,116.07,107.14,118.17
2025-05-27,Ward 54,1,0,5,68.19,140.0,118.17,118.55,109.88,105.54
2025-05-28,Ward 54,2,0,5,68.07,140.0,105.54,113.08,110.89,99.82
2025-05-29,Ward 54,3,0,5,63.82,140.0,99.82,107.84,110.21,102.18
2025-05-30,Ward 54,4,0,5,78.65,140.0,102.18,102.51,110.56,104.42
2025-05-31,Ward 54,5,1,5,64.63,140.0,104.42,102.14,109.66,108.74
2025-06-01,Ward 54,6,1,6,81.12,140.0,108.74,105.11,107.77,113.17
2025-06-02,Ward 54,0,0,6,74.42,140.0,113.17,108.78,107.43,105.94
2025-06-03,Ward 54,1,0,6,66.46,140.0,105.94,109.28,105.69,96.89
2025-06-04,Ward 54,2,0,6,79.28,140.0,96.89,105.33,104.45,106.94
2025-06-05,Ward 54,3,0,6,67.39,140.0,106.94,103.26,105.47,108.33
2025-06-06,Ward 54,4,0,6,68.14,140.0,108.33,104.05,106.35,100.35
2025-06-07,Ward 54,5,1,6,73.69,140.0,100.35,105.21,105.77,121.71
2025-06-08,Ward 54,6,1,6,83.74,140.0,121.71,110.13,107.62,116.94
2025-06-09,Ward 54,0,0,6,75.46,140.0,116.94,113.0,108.16,113.35
2025-06-10,Ward 54,1,0,6,76.58,140.0,113.35,117.33,109.22,99.39
2025-06-11,Ward 54,2,0,6,60.05,140.0,99.39,109.89,109.57,97.13
2025-06-12,Ward 54,3,0,6,72.49,140.0,97.13,103.29,108.17,93.84
2025-06-13,Ward 54,4,0,6,68.76,140.0,93.84,96.79,106.1,106.87
2025-06-14,Ward 54,5,1,6,75.37,140.0,106.87,99.28,107.03,121.57
2025-06-15,Ward 54,6,1,6,74.97,140.0,121.57,107.43,107.01,107.56
2025-06-16,Ward 54,0,0,6,69.27,140.0,107.56,112.0,105.67,108.53
2025-06-17,Ward 54,1,0,6,69.68,140.0,108.53,112.55,104.98,93.16
2025-06-18,Ward 54,2,0,6,56.15,140.0,93.16,103.08,104.09,102.27
2025-06-19,Ward 54,3,0,6,73.61,140.0,102.27,101.32,104.83,105.95
2025-06-20,Ward 54,4,0,6,76.03,140.0,105.95,100.46,106.56,112.51
2025-06-21,Ward 54,5,1,6,73.02,140.0,112.51,106.91,107.36,115.89
2025-06-22,Ward 54,6,1,6,73.67,140.0,115.89,111.45,106.55,129.66
2025-06-23,Ward 54,0,0,6,84.98,140.0,129.66,119.35,109.71,109.78
2025-06-24,Ward 54,1,0,6,75.3,140.0,109.78,118.44,109.89,92.04
2025-06-25,Ward 54,2,0,6,72.26,140.0,92.04,110.49,109.73,89.31
2025-06-26,Ward 54,3,0,6,65.97,140.0,89.31,97.04,107.88,101.39
2025-06-27,Ward 54,4,0,6,71.0,140.0,101.39,94.25,107.23,106.22
2025-06-28,Ward 54,5,1,6,71.37,140.0,106.22,98.97,106.33,112.75
2025-06-29,Ward 54,6,1,6,71.46,140.0,112.75,106.79,105.88,108.45
2025-06-30,Ward 54,0,0,6,79.75,140.0,108.45,109.14,102.85,101.53
2025-07-01,Ward 54,1,0,7,65.21,140.0,101.53,107.58,101.67,88.28
2025-07-02,Ward 54,2,0,7,68.49,140.0,88.28,99.42,101.13,93.0
2025-07-03,Ward 54,3,0,7,67.98,140.0,93.0,94.27,101.66,92.89
2025-07-04,Ward 54,4,0,7,67.99,140.0,92.89,91.39,100.45,96.18
2025-07-05,Ward 54,5,1,7,65.36,140.0,96.18,94.02,99.01,112.25
2025-07-06,Ward 54,6,1,7,78.49,140.0,112.25,100.44,98.94,103.82
2025-07-07,Ward 54,0,0,7,65.92,140.0,103.82,104.08,98.28,97.39
2025-07-08,Ward 54,1,0,7,75.85,140.0,97.39,104.49,97.69,78.12
2025-07-09,Ward 54,2,0,7,59.66,140.0,78.12,93.11,96.24,73.96
2025-07-10,Ward 54,3,0,7,53.17,140.0,73.96,83.16,93.52,81.08
2025-07-11,Ward 54,4,0,7,57.54,140.0,81.08,77.72,91.83,88.75
2025-07-12,Ward 54,5,1,7,63.24,140.0,88.75,81.26,90.77,97.89
2025-07-13,Ward 54,6,1,7,60.14,140.0,97.89,89.24,88.72,104.07
2025-07-14,Ward 54,0,0,7,74.08,140.0,104.07,96.9,88.75,100.4
2025-07-15,Ward 54,1,0,7,60.91,140.0,100.4,100.79,89.18,87.9
2025-07-16,Ward 54,2,0,7,66.19,140.0,87.9,97.46,90.58,78.33
2025-07-17,Ward 54,3,0,7,58.41,140.0,78.33,88.88,91.2,83.31
2025-07-18,Ward 54,4,0,7,69.89,140.0,83.31,83.18,91.52,104.78
2025-07-19,Ward 54,5,1,7,62.33,140.0,104.78,88.81,93.81,120.83
2025-07-20,Ward 54,6,1,7,73.52,140.0,120.83,102.97,97.09,115.26
2025-07-21,Ward 54,0,0,7,80.37,140.0,115.26,113.62,98.69,94.49
2025-07-22,Ward 54,1,0,7,68.34,140.0,94.49,110.19,97.84,84.58
2025-07-23,Ward 54,2,0,7,64.04,140.0,84.58,98.11,97.37,84.3
2025-07-24,Ward 54,3,0,7,67.12,140.0,84.3,87.79,98.22,87.67
2025-07-25,Ward 54,4,0,7,61.86,140.0,87.67,85.52,98.84,100.17
2025-07-26,Ward 54,5,1,7,71.41,140.0,100.17,90.71,98.19,109.44
2025-07-27,Ward 54,6,1,7,69.49,140.0,109.44,99.09,96.56,97.35
2025-07-28,Ward 54,0,0,7,64.36,140.0,97.35,102.32,94.0,86.41
2025-07-29,Ward 54,1,0,7,66.05,140.0,86.41,97.73,92.85,86.07
2025-07-30,Ward 54,2,0,7,61.19,140.0,86.07,89.94,93.06,89.88
2025-07-31,Ward 54,3,0,7,70.57,140.0,89.88,87.45,93.86,89.37
2025-08-01,Ward 54,4,0,8,59.38,140.0,89.37,88.44,94.1,101.5
2025-08-02,Ward 54,5,1,8,68.82,140.0,101.5,93.58,94.29,104.25
2025-08-03,Ward 54,6,1,8,68.7,140.0,104.25,98.37,93.55,94.84
2025-08-04,Ward 54,0,0,8,58.69,140.0,94.84,100.2,93.19,91.08
2025-08-05,Ward 54,1,0,8,60.37,140.0,91.08,96.72,93.86,98.51
2025-08-06,Ward 54,2,0,8,62.31,140.0,98.51,94.81,95.63,77.61
2025-08-07,Ward 54,3,0,8,60.58,140.0,77.61,89.07,93.88,90.37
2025-08-08,Ward 54,4,0,8,64.28,140.0,90.37,88.83,94.02,95.49
2025-08-09,Ward 54,5,1,8,57.12,140.0,95.49,87.82,93.16,94.51
2025-08-10,Ward 54,6,1,8,60.51,140.0,94.51,93.46,91.77,82.99
2025-08-11,Ward 54,0,0,8,61.12,140.0,82.99,91.0,90.08,68.57
2025-08-12,Ward 54,1,0,8,47.23,140.0,68.57,82.02,86.86,65.2
2025-08-13,Ward 54,2,0,8,48.11,140.0,65.2,72.25,82.11,70.9
2025-08-14,Ward 54,3,0,8,56.45,140.0,70.9,68.22,81.15,80.77
2025-08-15,Ward 54,4,0,8,63.26,140.0,80.77,72.29,79.78,92.33
2025-08-16,Ward 54,5,1,8,64.86,140.0,92.33,81.33,79.32,97.38
2025-08-17,Ward 54,6,1,8,69.77,140.0,97.38,90.16,79.73,94.81
2025-08-18,Ward 54,0,0,8,64.03,140.0,94.81,94.84,81.42,82.39
2025-08-19,Ward 54,1,0,8,56.16,140.0,82.39,91.53,83.4,75.64
2025-08-20,Ward 54,2,0,8,56.65,140.0,75.64,84.28,84.89,68.95
2025-08-21,Ward 54,3,0,8,50.7,140.0,68.95,75.66,84.61,66.33
2025-08-22,Ward 54,4,0,8,57.69,140.0,66.33,70.31,82.55,79.71
2025-08-23,Ward 54,5,1,8,54.69,140.0,79.71,71.66,80.74,93.97
2025-08-24,Ward 54,6,1,8,62.83,140.0,93.97,80.0,80.26,82.63
2025-08-25,Ward 54,0,0,8,65.47,140.0,82.63,85.44,78.52,75.88
2025-08-26,Ward 54,1,0,8,55.19,140.0,75.88,84.16,77.59,69.3
2025-08-27,Ward 54,2,0,8,59.89,140.0,69.3,75.94,76.68,69.3
2025-08-28,Ward 54,3,0,8,48.18,140.0,69.3,71.49,76.73,74.71
2025-08-29,Ward 54,4,0,8,54.26,140.0,74.71,71.1,77.93,91.6
2025-08-30,Ward 54,5,1,8,64.52,140.0,91.6,78.54,79.63,80.37
2025-08-31,Ward 54,6,1,8,61.1,140.0,80.37,82.23,77.68,96.66
